,,,,, ,,
Report type:,Route,,,,,,
,,,,,,,
Device:,BOYA_01,,,,,,
Group:,,,,,,,
Period:,'2017-07-21 09:43:00 - '2017-07-21 14:30:00,,,,,,
,,,,,,,
Valid,Time,Latitude,Longitude,Altitude,Speed (Km/h),Address,Attributes
1,2017-07-21 09:43:28,-23.792458,35.386703,0 m,0.6 ,Unnamed Road. Inhambane. MZ,battery=87  hdop=355.7  ip=197.218.83.149  distance=1.76  totalDistance=1.0659886039E8
1,2017-07-21 09:44:03,-23.792482,35.386692,0 m,0.6 ,Unnamed Road. Inhambane. MZ,battery=87  hdop=355.7  ip=197.218.83.149  distance=2.9  totalDistance=1.0659886329E8
1,2017-07-21 09:44:38,-23.792515,35.386681,0 m,0.8 ,Unnamed Road. Inhambane. MZ,battery=87  hdop=195.7  ip=197.218.83.149  distance=3.84  totalDistance=1.0659886713E8
1,2017-07-21 09:45:14,-23.79257,35.386681,0 m,0.5 ,Unnamed Road. Inhambane. MZ,battery=87  hdop=171.3  ip=197.218.83.149  distance=6.12  totalDistance=1.0659887325E8
1,2017-07-21 09:45:49,-23.792595,35.386673,0 m,0.9 ,Unnamed Road. Inhambane. MZ,battery=87  hdop=196.6  ip=197.218.83.149  distance=2.9  totalDistance=1.0659887615E8
1,2017-07-21 09:46:24,-23.792631,35.386662,0 m,1.4 ,Unnamed Road. Inhambane. MZ,battery=87  hdop=200.3  ip=197.218.83.149  distance=4.16  totalDistance=1.0659888031E8
1,2017-07-21 09:47:00,-23.792656,35.386669,0 m,1.6 ,Unnamed Road. Inhambane. MZ,battery=87  hdop=47.5  ip=197.218.83.149  distance=2.87  totalDistance=1.0659888318E8
1,2017-07-21 09:47:35,-23.792683,35.386658,0 m,1.6 ,Unnamed Road. Inhambane. MZ,battery=86  hdop=211.8  ip=197.218.83.149  distance=3.21  totalDistance=1.0659888639E8
1,2017-07-21 09:48:11,-23.792725,35.386623,0 m,1.1 ,Unnamed Road. Inhambane. MZ,battery=86  hdop=195.9  ip=197.218.83.149  distance=5.88  totalDistance=1.0659889227E8
1,2017-07-21 09:48:46,-23.792744,35.386639,0 m,1.1 ,Unnamed Road. Inhambane. MZ,battery=87  hdop=53.5  ip=197.218.83.149  distance=2.67  totalDistance=1.0659889494E8
1,2017-07-21 09:49:21,-23.792778,35.386616,0 m,1.2 ,Unnamed Road. Inhambane. MZ,battery=86  hdop=62.7  ip=197.218.83.149  distance=4.45  totalDistance=1.0659889939E8
1,2017-07-21 09:49:57,-23.792812,35.386597,0 m,1.3 ,Unnamed Road. Inhambane. MZ,battery=86  hdop=88.2  ip=197.218.83.149  distance=4.25  totalDistance=1.0659890364E8
1,2017-07-21 09:50:32,-23.792847,35.386597,0 m,1.1 ,Unnamed Road. Inhambane. MZ,battery=86  hdop=79.5  ip=197.218.83.149  distance=3.9  totalDistance=1.0659890754E8
1,2017-07-21 09:51:08,-23.792887,35.38657,0 m,0.8 ,Unnamed Road. Inhambane. MZ,battery=86  hdop=128.4  ip=197.218.83.149  distance=5.23  totalDistance=1.0659891277E8
1,2017-07-21 09:51:43,-23.792915,35.386562,0 m,0.8 ,Unnamed Road. Inhambane. MZ,battery=86  hdop=115.8  ip=197.218.83.149  distance=3.22  totalDistance=1.0659891599E8
1,2017-07-21 09:52:19,-23.792955,35.386528,0 m,1.0 ,Unnamed Road. Inhambane. MZ,battery=86  hdop=171.6  ip=197.218.83.149  distance=5.64  totalDistance=1.0659892163E8
1,2017-07-21 09:52:55,-23.793007,35.386509,0 m,0.9 ,Unnamed Road. Inhambane. MZ,battery=86  hdop=93.6  ip=197.218.83.149  distance=6.1  totalDistance=1.0659892773E8
1,2017-07-21 09:53:30,-23.793058,35.386494,0 m,0.9 ,Unnamed Road. Inhambane. MZ,battery=86  hdop=113.3  ip=197.218.83.149  distance=5.88  totalDistance=1.0659893361E8
1,2017-07-21 09:54:05,-23.793095,35.386494,0 m,1.0 ,Unnamed Road. Inhambane. MZ,battery=86  hdop=93.1  ip=197.218.83.149  distance=4.12  totalDistance=1.0659893773E8
1,2017-07-21 09:54:40,-23.793127,35.386463,0 m,1.3 ,Unnamed Road. Inhambane. MZ,battery=86  hdop=110.7  ip=197.218.83.149  distance=4.76  totalDistance=1.0659894249E8
1,2017-07-21 09:55:16,-23.793171,35.386429,0 m,1.0 ,Unnamed Road. Inhambane. MZ,battery=86  hdop=115.3  ip=197.218.83.149  distance=6.0  totalDistance=1.0659894849E8
1,2017-07-21 09:55:51,-23.793217,35.386402,0 m,0.8 ,Unnamed Road. Inhambane. MZ,battery=86  hdop=127.5  ip=197.218.83.149  distance=5.81  totalDistance=1.065989543E8
1,2017-07-21 09:56:26,-23.793259,35.386375,0 m,1.2 ,Unnamed Road. Inhambane. MZ,battery=86  hdop=168.2  ip=197.218.83.149  distance=5.42  totalDistance=1.0659895972E8
1,2017-07-21 09:57:01,-23.793308,35.386349,0 m,0.4 ,Unnamed Road. Inhambane. MZ,battery=86  hdop=218.4  ip=197.218.83.149  distance=6.06  totalDistance=1.0659896578E8
1,2017-07-21 09:57:37,-23.793352,35.386322,0 m,1.1 ,Unnamed Road. Inhambane. MZ,battery=85  hdop=207.4  ip=197.218.83.149  distance=5.62  totalDistance=1.065989714E8
1,2017-07-21 09:58:12,-23.793398,35.386299,0 m,1.1 ,Unnamed Road. Inhambane. MZ,battery=85  hdop=203.3  ip=197.218.83.149  distance=5.63  totalDistance=1.0659897703E8
1,2017-07-21 09:58:47,-23.793447,35.386265,0 m,1.0 ,Unnamed Road. Inhambane. MZ,battery=85  hdop=188.8  ip=197.218.83.149  distance=6.46  totalDistance=1.0659898349E8
1,2017-07-21 09:59:22,-23.793495,35.386246,0 m,1.4 ,Unnamed Road. Inhambane. MZ,battery=85  hdop=202.2  ip=197.218.83.149  distance=5.68  totalDistance=1.0659898917E8
1,2017-07-21 09:59:57,-23.793539,35.386215,0 m,1.7 ,Unnamed Road. Inhambane. MZ,battery=85  hdop=183.9  ip=197.218.83.149  distance=5.83  totalDistance=1.06598995E8
1,2017-07-21 10:00:32,-23.793591,35.386192,0 m,1.2 ,Unnamed Road. Inhambane. MZ,battery=85  hdop=207.7  ip=197.218.83.149  distance=6.24  totalDistance=1.0659900124E8
1,2017-07-21 10:01:08,-23.793648,35.386158,0 m,2.0 ,Unnamed Road. Inhambane. MZ,battery=85  hdop=218.0  ip=197.218.83.149  distance=7.23  totalDistance=1.0659900847E8
1,2017-07-21 10:01:43,-23.793703,35.386124,0 m,1.5 ,Unnamed Road. Inhambane. MZ,battery=85  hdop=207.6  ip=197.218.83.149  distance=7.03  totalDistance=1.065990155E8
1,2017-07-21 10:02:18,-23.793762,35.386086,0 m,1.4 ,Unnamed Road. Inhambane. MZ,battery=85  hdop=211.7  ip=197.218.83.149  distance=7.62  totalDistance=1.0659902312E8
1,2017-07-21 10:02:54,-23.793818,35.386047,0 m,1.4 ,Unnamed Road. Inhambane. MZ,battery=85  hdop=210.6  ip=197.218.83.149  distance=7.39  totalDistance=1.0659903051E8
1,2017-07-21 10:03:29,-23.793877,35.386009,0 m,1.3 ,Unnamed Road. Inhambane. MZ,battery=85  hdop=211.2  ip=197.218.83.149  distance=7.62  totalDistance=1.0659903813E8
1,2017-07-21 10:04:05,-23.793938,35.385971,0 m,1.5 ,Unnamed Road. Inhambane. MZ,battery=85  hdop=210.6  ip=197.218.83.149  distance=7.82  totalDistance=1.0659904595E8
1,2017-07-21 10:04:40,-23.794001,35.385925,0 m,1.4 ,Unnamed Road. Inhambane. MZ,battery=85  hdop=213.0  ip=197.218.83.149  distance=8.43  totalDistance=1.0659905438E8
1,2017-07-21 10:05:16,-23.794067,35.38588,0 m,1.4 ,Unnamed Road. Inhambane. MZ,battery=85  hdop=213.4  ip=197.218.83.149  distance=8.66  totalDistance=1.0659906304E8
1,2017-07-21 10:05:51,-23.79413,35.38583,0 m,1.7 ,Unnamed Road. Inhambane. MZ,battery=85  hdop=213.3  ip=197.218.83.149  distance=8.67  totalDistance=1.0659907171E8
1,2017-07-21 10:06:27,-23.794201,35.385784,0 m,1.9 ,Unnamed Road. Inhambane. MZ,battery=85  hdop=214.8  ip=197.218.83.149  distance=9.19  totalDistance=1.065990809E8
1,2017-07-21 10:07:02,-23.794271,35.385735,0 m,1.5 ,Unnamed Road. Inhambane. MZ,battery=85  hdop=211.1  ip=197.218.83.149  distance=9.25  totalDistance=1.0659909015E8
1,2017-07-21 10:07:37,-23.79434,35.385685,0 m,1.6 ,Unnamed Road. Inhambane. MZ,battery=85  hdop=212.5  ip=197.218.83.149  distance=9.22  totalDistance=1.0659909937E8
1,2017-07-21 10:08:13,-23.794418,35.385635,0 m,1.6 ,Unnamed Road. Inhambane. MZ,battery=85  hdop=211.5  ip=197.218.83.149  distance=10.07  totalDistance=1.0659910944E8
1,2017-07-21 10:08:48,-23.794489,35.385586,0 m,1.9 ,Unnamed Road. Inhambane. MZ,battery=85  hdop=211.5  ip=197.218.83.149  distance=9.35  totalDistance=1.0659911879E8
1,2017-07-21 10:09:23,-23.794563,35.38554,0 m,1.8 ,Unnamed Road. Inhambane. MZ,battery=85  hdop=211.2  ip=197.218.83.149  distance=9.48  totalDistance=1.0659912827E8
1,2017-07-21 10:09:59,-23.794647,35.385483,0 m,2.0 ,Unnamed Road. Inhambane. MZ,battery=85  hdop=212.1  ip=197.218.83.149  distance=11.01  totalDistance=1.0659913928E8
1,2017-07-21 10:10:35,-23.794735,35.385433,0 m,2.0 ,Unnamed Road. Inhambane. MZ,battery=85  hdop=210.3  ip=197.218.83.149  distance=11.04  totalDistance=1.0659915032E8
1,2017-07-21 10:11:11,-23.794819,35.385387,0 m,2.0 ,Unnamed Road. Inhambane. MZ,battery=85  hdop=209.1  ip=197.218.83.149  distance=10.46  totalDistance=1.0659916078E8
1,2017-07-21 10:11:46,-23.794901,35.38533,0 m,2.1 ,Unnamed Road. Inhambane. MZ,battery=85  hdop=208.3  ip=197.218.83.149  distance=10.82  totalDistance=1.065991716E8
1,2017-07-21 10:12:22,-23.794994,35.385277,0 m,2.0 ,Unnamed Road. Inhambane. MZ,battery=85  hdop=208.4  ip=197.218.83.149  distance=11.68  totalDistance=1.0659918328E8
1,2017-07-21 10:12:58,-23.795082,35.385231,0 m,2.1 ,Unnamed Road. Inhambane. MZ,battery=85  hdop=208.7  ip=197.218.83.149  distance=10.86  totalDistance=1.0659919414E8
1,2017-07-21 10:13:34,-23.795176,35.385174,0 m,2.1 ,Unnamed Road. Inhambane. MZ,battery=85  hdop=207.8  ip=197.218.83.149  distance=11.97  totalDistance=1.0659920611E8
1,2017-07-21 10:14:09,-23.795267,35.38512,0 m,2.2 ,Unnamed Road. Inhambane. MZ,battery=85  hdop=208.3  ip=197.218.83.149  distance=11.53  totalDistance=1.0659921764E8
1,2017-07-21 10:14:45,-23.795362,35.385071,0 m,2.2 ,Unnamed Road. Inhambane. MZ,battery=85  hdop=208.4  ip=197.218.83.149  distance=11.69  totalDistance=1.0659922933E8
1,2017-07-21 10:15:20,-23.795456,35.385014,0 m,2.3 ,Unnamed Road. Inhambane. MZ,battery=85  hdop=209.5  ip=197.218.83.149  distance=11.97  totalDistance=1.065992413E8
1,2017-07-21 10:15:56,-23.795559,35.384949,0 m,2.3 ,Unnamed Road. Inhambane. MZ,battery=85  hdop=210.1  ip=197.218.83.149  distance=13.24  totalDistance=1.0659925454E8
1,2017-07-21 10:16:32,-23.795654,35.384888,0 m,2.4 ,Unnamed Road. Inhambane. MZ,battery=85  hdop=210.0  ip=197.218.83.149  distance=12.27  totalDistance=1.0659926681E8
1,2017-07-21 10:17:08,-23.795759,35.384819,0 m,2.4 ,Unnamed Road. Inhambane. MZ,battery=85  hdop=210.3  ip=197.218.83.149  distance=13.64  totalDistance=1.0659928045E8
1,2017-07-21 10:17:43,-23.795864,35.384758,0 m,2.4 ,Unnamed Road. Inhambane. MZ,battery=85  hdop=210.5  ip=197.218.83.149  distance=13.24  totalDistance=1.0659929369E8
1,2017-07-21 10:18:19,-23.795963,35.384693,0 m,2.5 ,Unnamed Road. Inhambane. MZ,battery=85  hdop=210.5  ip=197.218.83.149  distance=12.86  totalDistance=1.0659930655E8
1,2017-07-21 10:18:54,-23.796072,35.384624,0 m,2.5 ,Unnamed Road. Inhambane. MZ,battery=85  hdop=210.6  ip=197.218.83.149  distance=14.02  totalDistance=1.0659932057E8
1,2017-07-21 10:19:30,-23.796171,35.384556,0 m,2.6 ,Unnamed Road. Inhambane. MZ,battery=84  hdop=210.5  ip=197.218.83.149  distance=13.02  totalDistance=1.0659933359E8
1,2017-07-21 10:20:05,-23.796286,35.384487,0 m,2.6 ,Unnamed Road. Inhambane. MZ,battery=84  hdop=211.6  ip=197.218.83.149  distance=14.6  totalDistance=1.0659934819E8
1,2017-07-21 10:20:41,-23.796391,35.384415,0 m,2.6 ,Unnamed Road. Inhambane. MZ,battery=84  hdop=210.8  ip=197.218.83.149  distance=13.8  totalDistance=1.0659936199E8
1,2017-07-21 10:21:16,-23.796503,35.384346,0 m,2.8 ,Unnamed Road. Inhambane. MZ,battery=85  hdop=211.1  ip=197.218.83.149  distance=14.31  totalDistance=1.065993763E8
1,2017-07-21 10:21:51,-23.796616,35.38427,0 m,2.8 ,Unnamed Road. Inhambane. MZ,battery=84  hdop=211.2  ip=197.218.83.149  distance=14.77  totalDistance=1.0659939107E8
1,2017-07-21 10:22:28,-23.796736,35.38419,0 m,2.9 ,Unnamed Road. Inhambane. MZ,battery=83  hdop=211.8  ip=197.218.83.149  distance=15.65  totalDistance=1.0659940672E8
1,2017-07-21 10:23:03,-23.796854,35.384117,0 m,2.9 ,Unnamed Road. Inhambane. MZ,battery=85  hdop=214.1  ip=197.218.83.149  distance=15.09  totalDistance=1.0659942181E8
1,2017-07-21 10:23:39,-23.796976,35.384029,0 m,3.1 ,Unnamed Road. Inhambane. MZ,battery=84  hdop=212.4  ip=197.218.83.149  distance=16.27  totalDistance=1.0659943808E8
1,2017-07-21 10:24:14,-23.797094,35.383945,0 m,2.9 ,Unnamed Road. Inhambane. MZ,battery=84  hdop=213.3  ip=197.218.83.149  distance=15.68  totalDistance=1.0659945376E8
1,2017-07-21 10:24:49,-23.797215,35.38385,0 m,3.1 ,Unnamed Road. Inhambane. MZ,battery=84  hdop=214.1  ip=197.218.83.149  distance=16.58  totalDistance=1.0659947034E8
1,2017-07-21 10:25:25,-23.79734,35.383762,0 m,3.1 ,Unnamed Road. Inhambane. MZ,battery=84  hdop=214.7  ip=197.218.83.149  distance=16.55  totalDistance=1.0659948689E8
1,2017-07-21 10:26:01,-23.797462,35.383667,0 m,2.6 ,Unnamed Road. Inhambane. MZ,battery=84  hdop=218.5  ip=197.218.83.149  distance=16.68  totalDistance=1.0659950357E8
1,2017-07-21 10:26:36,-23.797586,35.38356,0 m,3.1 ,Unnamed Road. Inhambane. MZ,battery=84  hdop=214.6  ip=197.218.83.149  distance=17.59  totalDistance=1.0659952116E8
1,2017-07-21 10:27:11,-23.797714,35.383472,0 m,3.1 ,Unnamed Road. Inhambane. MZ,battery=84  hdop=215.0  ip=197.218.83.149  distance=16.83  totalDistance=1.0659953799E8
1,2017-07-21 10:27:47,-23.797836,35.383385,0 m,3.1 ,Unnamed Road. Inhambane. MZ,battery=84  hdop=214.1  ip=197.218.83.149  distance=16.22  totalDistance=1.0659955421E8
1,2017-07-21 10:28:23,-23.79796,35.383301,0 m,3.4 ,Unnamed Road. Inhambane. MZ,battery=84  hdop=212.1  ip=197.218.83.149  distance=16.24  totalDistance=1.0659957045E8
1,2017-07-21 10:28:58,-23.798088,35.383213,0 m,3.2 ,Unnamed Road. Inhambane. MZ,battery=84  hdop=210.3  ip=197.218.83.149  distance=16.83  totalDistance=1.0659958728E8
1,2017-07-21 10:29:33,-23.79822,35.383118,0 m,3.3 ,Unnamed Road. Inhambane. MZ,battery=84  hdop=211.8  ip=197.218.83.149  distance=17.59  totalDistance=1.0659960487E8
1,2017-07-21 10:30:09,-23.798351,35.383034,0 m,3.3 ,Unnamed Road. Inhambane. MZ,battery=84  hdop=212.9  ip=197.218.83.149  distance=16.91  totalDistance=1.0659962178E8
1,2017-07-21 10:30:45,-23.798491,35.382942,0 m,3.1 ,Unnamed Road. Inhambane. MZ,battery=84  hdop=211.6  ip=197.218.83.149  distance=18.18  totalDistance=1.0659963996E8
1,2017-07-21 10:31:20,-23.79863,35.382847,0 m,3.4 ,Unnamed Road. Inhambane. MZ,battery=84  hdop=212.5  ip=197.218.83.149  distance=18.25  totalDistance=1.0659965821E8
1,2017-07-21 10:31:55,-23.798761,35.382751,0 m,3.2 ,Unnamed Road. Inhambane. MZ,battery=84  hdop=210.2  ip=197.218.83.149  distance=17.56  totalDistance=1.0659967577E8
1,2017-07-21 10:32:31,-23.798897,35.382656,0 m,3.3 ,Unnamed Road. Inhambane. MZ,battery=84  hdop=208.8  ip=197.218.83.149  distance=17.97  totalDistance=1.0659969374E8
1,2017-07-21 10:33:06,-23.79903,35.382557,0 m,3.1 ,Unnamed Road. Inhambane. MZ,battery=84  hdop=214.4  ip=197.218.83.149  distance=17.91  totalDistance=1.0659971165E8
1,2017-07-21 10:33:42,-23.799162,35.382477,0 m,3.0 ,Unnamed Road. Inhambane. MZ,battery=84  hdop=212.6  ip=197.218.83.149  distance=16.8  totalDistance=1.0659972845E8
1,2017-07-21 10:34:18,-23.799294,35.382389,0 m,3.4 ,Unnamed Road. Inhambane. MZ,battery=83  hdop=209.8  ip=197.218.83.149  distance=17.21  totalDistance=1.0659974566E8
1,2017-07-21 10:34:53,-23.799431,35.382305,0 m,3.3 ,Unnamed Road. Inhambane. MZ,battery=83  hdop=209.5  ip=197.218.83.149  distance=17.49  totalDistance=1.0659976315E8
1,2017-07-21 10:35:29,-23.79957,35.382225,0 m,2.9 ,Unnamed Road. Inhambane. MZ,battery=83  hdop=208.0  ip=197.218.83.149  distance=17.49  totalDistance=1.0659978064E8
1,2017-07-21 10:36:04,-23.799709,35.382126,0 m,3.8 ,Unnamed Road. Inhambane. MZ,battery=83  hdop=208.1  ip=197.218.83.149  distance=18.47  totalDistance=1.0659979911E8
1,2017-07-21 10:36:40,-23.799858,35.382038,0 m,3.0 ,Unnamed Road. Inhambane. MZ,battery=83  hdop=207.4  ip=197.218.83.149  distance=18.85  totalDistance=1.0659981796E8
1,2017-07-21 10:37:15,-23.800009,35.381939,0 m,3.8 ,Unnamed Road. Inhambane. MZ,battery=83  hdop=214.2  ip=197.218.83.149  distance=19.6  totalDistance=1.0659983756E8
1,2017-07-21 10:37:51,-23.80015,35.381847,0 m,3.6 ,Unnamed Road. Inhambane. MZ,battery=83  hdop=209.0  ip=197.218.83.149  distance=18.28  totalDistance=1.0659985584E8
1,2017-07-21 10:38:26,-23.80031,35.381756,0 m,4.3 ,Unnamed Road. Inhambane. MZ,battery=83  hdop=206.9  ip=197.218.83.149  distance=20.08  totalDistance=1.0659987592E8
1,2017-07-21 10:39:01,-23.800455,35.38166,0 m,3.9 ,Unnamed Road. Inhambane. MZ,battery=83  hdop=215.0  ip=197.218.83.149  distance=18.87  totalDistance=1.0659989479E8
1,2017-07-21 10:39:37,-23.800602,35.381561,0 m,3.6 ,Unnamed Road. Inhambane. MZ,battery=83  hdop=206.4  ip=197.218.83.149  distance=19.22  totalDistance=1.0659991401E8
1,2017-07-21 10:40:12,-23.800766,35.38147,0 m,3.8 ,Unnamed Road. Inhambane. MZ,battery=83  hdop=212.9  ip=197.218.83.149  distance=20.47  totalDistance=1.0659993448E8
1,2017-07-21 10:40:47,-23.800915,35.381374,0 m,3.6 ,Unnamed Road. Inhambane. MZ,battery=83  hdop=213.5  ip=197.218.83.149  distance=19.25  totalDistance=1.0659995373E8
1,2017-07-21 10:41:23,-23.801064,35.381271,0 m,3.5 ,Unnamed Road. Inhambane. MZ,battery=83  hdop=210.4  ip=197.218.83.149  distance=19.63  totalDistance=1.0659997336E8
1,2017-07-21 10:41:58,-23.801216,35.381165,0 m,3.7 ,Unnamed Road. Inhambane. MZ,battery=83  hdop=212.6  ip=197.218.83.149  distance=20.07  totalDistance=1.0659999343E8
1,2017-07-21 10:42:33,-23.801361,35.381073,0 m,3.7 ,Unnamed Road. Inhambane. MZ,battery=83  hdop=212.5  ip=197.218.83.149  distance=18.66  totalDistance=1.0660001209E8
1,2017-07-21 10:43:20,-23.801516,35.380974,0 m,3.8 ,Unnamed Road. Inhambane. MZ,battery=83  hdop=211.5  ip=197.218.83.149  distance=19.98  totalDistance=1.0660003207E8
1,2017-07-21 10:43:51,-23.801704,35.380852,0 m,3.5 ,Unnamed Road. Inhambane. MZ,battery=83  hdop=210.7  ip=197.218.83.149  distance=24.34  totalDistance=1.0660005641E8
1,2017-07-21 10:44:27,-23.801859,35.38073,0 m,3.8 ,Unnamed Road. Inhambane. MZ,battery=83  hdop=212.8  ip=197.218.83.149  distance=21.26  totalDistance=1.0660007767E8
1,2017-07-21 10:45:04,-23.802004,35.38063,0 m,3.6 ,Unnamed Road. Inhambane. MZ,battery=83  hdop=211.6  ip=197.218.83.149  distance=19.09  totalDistance=1.0660009676E8
1,2017-07-21 10:45:42,-23.802162,35.380508,0 m,4.3 ,Unnamed Road. Inhambane. MZ,battery=83  hdop=212.6  ip=197.218.83.149  distance=21.54  totalDistance=1.066001183E8
1,2017-07-21 10:46:17,-23.802326,35.380402,0 m,3.7 ,Unnamed Road. Inhambane. MZ,battery=83  hdop=213.4  ip=197.218.83.149  distance=21.21  totalDistance=1.0660013951E8
1,2017-07-21 10:46:53,-23.802475,35.380291,0 m,3.9 ,Unnamed Road. Inhambane. MZ,battery=83  hdop=212.6  ip=197.218.83.149  distance=20.07  totalDistance=1.0660015958E8
1,2017-07-21 10:47:28,-23.802643,35.380177,0 m,4.1 ,Unnamed Road. Inhambane. MZ,battery=83  hdop=210.1  ip=197.218.83.149  distance=22.01  totalDistance=1.0660018159E8
1,2017-07-21 10:48:04,-23.802816,35.38007,0 m,4.3 ,Unnamed Road. Inhambane. MZ,battery=83  hdop=208.5  ip=197.218.83.149  distance=22.13  totalDistance=1.0660020372E8
1,2017-07-21 10:48:39,-23.803003,35.379951,0 m,4.4 ,Unnamed Road. Inhambane. MZ,battery=83  hdop=213.4  ip=197.218.83.149  distance=24.09  totalDistance=1.0660022781E8
1,2017-07-21 10:49:14,-23.803183,35.379818,0 m,4.3 ,Unnamed Road. Inhambane. MZ,battery=83  hdop=211.1  ip=197.218.83.149  distance=24.19  totalDistance=1.06600252E8
1,2017-07-21 10:49:50,-23.803352,35.379711,0 m,4.1 ,Unnamed Road. Inhambane. MZ,battery=83  hdop=210.6  ip=197.218.83.149  distance=21.74  totalDistance=1.0660027374E8
1,2017-07-21 10:50:25,-23.803514,35.379601,0 m,4.0 ,Unnamed Road. Inhambane. MZ,battery=83  hdop=213.4  ip=197.218.83.149  distance=21.23  totalDistance=1.0660029497E8
1,2017-07-21 10:51:00,-23.803671,35.379494,0 m,3.9 ,Unnamed Road. Inhambane. MZ,battery=83  hdop=211.9  ip=197.218.83.149  distance=20.6  totalDistance=1.0660031557E8
1,2017-07-21 10:51:35,-23.803818,35.379383,0 m,3.6 ,Unnamed Road. Inhambane. MZ,battery=83  hdop=212.2  ip=197.218.83.149  distance=19.89  totalDistance=1.0660033546E8
1,2017-07-21 10:52:11,-23.803974,35.37928,0 m,3.9 ,Unnamed Road. Inhambane. MZ,battery=83  hdop=213.8  ip=197.218.83.149  distance=20.29  totalDistance=1.0660035575E8
1,2017-07-21 10:52:46,-23.80414,35.379166,0 m,4.4 ,Unnamed Road. Inhambane. MZ,battery=83  hdop=210.9  ip=197.218.83.149  distance=21.82  totalDistance=1.0660037757E8
1,2017-07-21 10:53:21,-23.804306,35.379063,0 m,4.1 ,Unnamed Road. Inhambane. MZ,battery=83  hdop=213.3  ip=197.218.83.149  distance=21.25  totalDistance=1.0660039882E8
1,2017-07-21 10:53:56,-23.804468,35.378948,0 m,3.8 ,Unnamed Road. Inhambane. MZ,battery=83  hdop=214.9  ip=197.218.83.149  distance=21.5  totalDistance=1.0660042032E8
1,2017-07-21 10:54:31,-23.80463,35.37883,0 m,4.1 ,Unnamed Road. Inhambane. MZ,battery=83  hdop=213.5  ip=197.218.83.149  distance=21.67  totalDistance=1.0660044199E8
1,2017-07-21 10:55:07,-23.804787,35.378712,0 m,4.3 ,Unnamed Road. Inhambane. MZ,battery=83  hdop=215.9  ip=197.218.83.149  distance=21.21  totalDistance=1.066004632E8
1,2017-07-21 10:55:42,-23.804941,35.37859,0 m,4.0 ,Unnamed Road. Inhambane. MZ,battery=82  hdop=212.8  ip=197.218.83.149  distance=21.17  totalDistance=1.0660048437E8
1,2017-07-21 10:56:17,-23.805111,35.378471,0 m,4.4 ,Unnamed Road. Inhambane. MZ,battery=83  hdop=210.9  ip=197.218.83.149  distance=22.47  totalDistance=1.0660050684E8
1,2017-07-21 10:56:54,-23.805267,35.378342,0 m,4.3 ,Unnamed Road. Inhambane. MZ,battery=83  hdop=215.0  ip=197.218.83.149  distance=21.78  totalDistance=1.0660052862E8
1,2017-07-21 10:57:35,-23.805445,35.378223,0 m,4.2 ,Unnamed Road. Inhambane. MZ,battery=82  hdop=208.7  ip=197.218.83.149  distance=23.23  totalDistance=1.0660055185E8
1,2017-07-21 10:58:11,-23.805632,35.37809,0 m,4.5 ,Unnamed Road. Inhambane. MZ,battery=82  hdop=214.6  ip=197.218.83.149  distance=24.84  totalDistance=1.0660057669E8
1,2017-07-21 10:58:46,-23.805796,35.377964,0 m,4.0 ,Unnamed Road. Inhambane. MZ,battery=83  hdop=204.9  ip=197.218.83.149  distance=22.32  totalDistance=1.0660059901E8
1,2017-07-21 10:59:22,-23.805969,35.377823,0 m,4.4 ,Unnamed Road. Inhambane. MZ,battery=82  hdop=214.1  ip=197.218.83.149  distance=24.02  totalDistance=1.0660062303E8
1,2017-07-21 10:59:57,-23.806137,35.377708,0 m,4.6 ,Unnamed Road. Inhambane. MZ,battery=82  hdop=209.6  ip=197.218.83.149  distance=22.07  totalDistance=1.066006451E8
1,2017-07-21 11:00:32,-23.806322,35.377563,0 m,4.8 ,Unnamed Road. Inhambane. MZ,battery=82  hdop=217.0  ip=197.218.83.149  distance=25.34  totalDistance=1.0660067044E8
1,2017-07-21 11:01:08,-23.806511,35.377434,0 m,3.9 ,Unnamed Road. Inhambane. MZ,battery=82  hdop=218.0  ip=197.218.83.149  distance=24.8  totalDistance=1.0660069524E8
1,2017-07-21 11:01:43,-23.806688,35.377319,0 m,4.6 ,Unnamed Road. Inhambane. MZ,battery=82  hdop=215.5  ip=197.218.83.149  distance=22.92  totalDistance=1.0660071816E8
1,2017-07-21 11:02:19,-23.806875,35.377167,0 m,4.6 ,Unnamed Road. Inhambane. MZ,battery=82  hdop=214.4  ip=197.218.83.149  distance=25.94  totalDistance=1.066007441E8
1,2017-07-21 11:02:54,-23.807055,35.377022,0 m,4.8 ,Unnamed Road. Inhambane. MZ,battery=82  hdop=206.1  ip=197.218.83.149  distance=24.89  totalDistance=1.0660076899E8
1,2017-07-21 11:03:30,-23.807209,35.376869,0 m,4.4 ,Unnamed Road. Inhambane. MZ,battery=81  hdop=220.9  ip=197.218.83.149  distance=23.17  totalDistance=1.0660079216E8
1,2017-07-21 11:04:06,-23.807375,35.376717,0 m,4.4 ,Unnamed Road. Inhambane. MZ,battery=82  hdop=216.9  ip=197.218.83.149  distance=24.11  totalDistance=1.0660081627E8
1,2017-07-21 11:04:41,-23.807543,35.376568,0 m,4.3 ,Unnamed Road. Inhambane. MZ,battery=82  hdop=216.7  ip=197.218.83.149  distance=24.08  totalDistance=1.0660084035E8
1,2017-07-21 11:05:16,-23.807713,35.376434,0 m,4.9 ,Unnamed Road. Inhambane. MZ,battery=82  hdop=218.8  ip=197.218.83.149  distance=23.33  totalDistance=1.0660086368E8
1,2017-07-21 11:05:51,-23.807882,35.376278,0 m,4.8 ,Unnamed Road. Inhambane. MZ,battery=82  hdop=215.8  ip=197.218.83.149  distance=24.62  totalDistance=1.066008883E8
1,2017-07-21 11:06:27,-23.808056,35.376122,0 m,4.7 ,Unnamed Road. Inhambane. MZ,battery=82  hdop=217.9  ip=197.218.83.149  distance=25.05  totalDistance=1.0660091335E8
1,2017-07-21 11:07:02,-23.808235,35.375965,0 m,4.6 ,Unnamed Road. Inhambane. MZ,battery=82  hdop=218.6  ip=197.218.83.149  distance=25.55  totalDistance=1.066009389E8
1,2017-07-21 11:07:38,-23.808401,35.375816,0 m,4.6 ,Unnamed Road. Inhambane. MZ,battery=82  hdop=218.1  ip=197.218.83.149  distance=23.91  totalDistance=1.0660096281E8
1,2017-07-21 11:08:14,-23.808571,35.375652,0 m,4.6 ,Unnamed Road. Inhambane. MZ,battery=82  hdop=218.5  ip=197.218.83.149  distance=25.24  totalDistance=1.0660098805E8
1,2017-07-21 11:08:49,-23.808735,35.375496,0 m,4.6 ,Unnamed Road. Inhambane. MZ,battery=82  hdop=219.1  ip=197.218.83.149  distance=24.2  totalDistance=1.0660101225E8
1,2017-07-21 11:09:24,-23.808908,35.375332,0 m,4.5 ,Unnamed Road. Inhambane. MZ,battery=81  hdop=215.5  ip=197.218.83.149  distance=25.49  totalDistance=1.0660103774E8
1,2017-07-21 11:10:00,-23.809082,35.375183,0 m,4.7 ,Unnamed Road. Inhambane. MZ,battery=82  hdop=219.7  ip=197.218.83.149  distance=24.61  totalDistance=1.0660106235E8
1,2017-07-21 11:10:35,-23.809256,35.375023,0 m,4.5 ,Unnamed Road. Inhambane. MZ,battery=82  hdop=222.8  ip=197.218.83.149  distance=25.31  totalDistance=1.0660108766E8
1,2017-07-21 11:11:10,-23.809416,35.374863,0 m,4.7 ,Unnamed Road. Inhambane. MZ,battery=81  hdop=218.9  ip=197.218.83.149  distance=24.14  totalDistance=1.066011118E8
1,2017-07-21 11:11:46,-23.809587,35.37471,0 m,4.7 ,Unnamed Road. Inhambane. MZ,battery=81  hdop=219.6  ip=197.218.83.149  distance=24.6  totalDistance=1.066011364E8
1,2017-07-21 11:12:21,-23.809757,35.374546,0 m,4.5 ,Unnamed Road. Inhambane. MZ,battery=81  hdop=221.7  ip=197.218.83.149  distance=25.24  totalDistance=1.0660116164E8
1,2017-07-21 11:12:56,-23.809923,35.374405,0 m,4.6 ,Unnamed Road. Inhambane. MZ,battery=81  hdop=219.1  ip=197.218.83.149  distance=23.4  totalDistance=1.0660118504E8
1,2017-07-21 11:13:32,-23.810097,35.37426,0 m,4.3 ,Unnamed Road. Inhambane. MZ,battery=81  hdop=215.7  ip=197.218.83.149  distance=24.36  totalDistance=1.066012094E8
1,2017-07-21 11:14:07,-23.810268,35.374142,0 m,4.2 ,Unnamed Road. Inhambane. MZ,battery=81  hdop=212.8  ip=197.218.83.149  distance=22.51  totalDistance=1.0660123191E8
1,2017-07-21 11:14:42,-23.810415,35.374004,0 m,4.1 ,Unnamed Road. Inhambane. MZ,battery=81  hdop=218.3  ip=197.218.83.149  distance=21.57  totalDistance=1.0660125348E8
1,2017-07-21 11:15:18,-23.810575,35.373871,0 m,4.3 ,Unnamed Road. Inhambane. MZ,battery=81  hdop=222.6  ip=197.218.83.149  distance=22.38  totalDistance=1.0660127586E8
1,2017-07-21 11:15:55,-23.810734,35.373734,0 m,3.9 ,Unnamed Road. Inhambane. MZ,battery=81  hdop=216.2  ip=197.218.83.149  distance=22.54  totalDistance=1.066012984E8
1,2017-07-21 11:16:31,-23.810907,35.373623,0 m,4.0 ,Unnamed Road. Inhambane. MZ,battery=81  hdop=214.3  ip=197.218.83.149  distance=22.33  totalDistance=1.0660132073E8
1,2017-07-21 11:17:06,-23.811071,35.373497,0 m,3.8 ,Unnamed Road. Inhambane. MZ,battery=81  hdop=221.4  ip=197.218.83.149  distance=22.32  totalDistance=1.0660134305E8
1,2017-07-21 11:17:42,-23.811218,35.373367,0 m,3.8 ,Unnamed Road. Inhambane. MZ,battery=81  hdop=219.9  ip=197.218.83.149  distance=21.05  totalDistance=1.066013641E8
1,2017-07-21 11:18:18,-23.811354,35.373238,0 m,4.0 ,Unnamed Road. Inhambane. MZ,battery=81  hdop=215.7  ip=197.218.83.149  distance=20.05  totalDistance=1.0660138415E8
1,2017-07-21 11:18:55,-23.81152,35.373104,0 m,4.2 ,Unnamed Road. Inhambane. MZ,battery=81  hdop=213.9  ip=197.218.83.149  distance=22.97  totalDistance=1.0660140712E8
1,2017-07-21 11:19:31,-23.811691,35.372978,0 m,4.0 ,Unnamed Road. Inhambane. MZ,battery=81  hdop=214.8  ip=197.218.83.149  distance=22.96  totalDistance=1.0660143008E8
1,2017-07-21 11:20:06,-23.811848,35.372845,0 m,4.1 ,Unnamed Road. Inhambane. MZ,battery=81  hdop=216.9  ip=197.218.83.149  distance=22.11  totalDistance=1.0660145219E8
1,2017-07-21 11:20:43,-23.812006,35.372715,0 m,4.1 ,Unnamed Road. Inhambane. MZ,battery=81  hdop=214.9  ip=197.218.83.149  distance=22.01  totalDistance=1.066014742E8
1,2017-07-21 11:21:20,-23.812181,35.372581,0 m,4.1 ,Unnamed Road. Inhambane. MZ,battery=81  hdop=217.7  ip=197.218.83.149  distance=23.79  totalDistance=1.0660149799E8
1,2017-07-21 11:21:56,-23.81233,35.372456,0 m,4.0 ,Unnamed Road. Inhambane. MZ,battery=81  hdop=216.2  ip=197.218.83.149  distance=20.91  totalDistance=1.066015189E8
1,2017-07-21 11:22:31,-23.812483,35.372322,0 m,3.9 ,Unnamed Road. Inhambane. MZ,battery=81  hdop=216.0  ip=197.218.83.149  distance=21.82  totalDistance=1.0660154072E8
1,2017-07-21 11:23:07,-23.812639,35.3722,0 m,4.2 ,Unnamed Road. Inhambane. MZ,battery=81  hdop=212.0  ip=197.218.83.149  distance=21.35  totalDistance=1.0660156207E8
1,2017-07-21 11:23:43,-23.812799,35.372093,0 m,4.0 ,Unnamed Road. Inhambane. MZ,battery=81  hdop=214.5  ip=197.218.83.149  distance=20.88  totalDistance=1.0660158295E8
1,2017-07-21 11:24:19,-23.812971,35.371975,0 m,4.2 ,Unnamed Road. Inhambane. MZ,battery=81  hdop=212.7  ip=197.218.83.149  distance=22.61  totalDistance=1.0660160556E8
1,2017-07-21 11:24:54,-23.813139,35.371849,0 m,4.0 ,Unnamed Road. Inhambane. MZ,battery=81  hdop=214.2  ip=197.218.83.149  distance=22.68  totalDistance=1.0660162824E8
1,2017-07-21 11:25:30,-23.813297,35.371731,0 m,4.0 ,Unnamed Road. Inhambane. MZ,battery=81  hdop=213.0  ip=197.218.83.149  distance=21.3  totalDistance=1.0660164954E8
1,2017-07-21 11:26:06,-23.813461,35.371624,0 m,4.0 ,Unnamed Road. Inhambane. MZ,battery=81  hdop=213.6  ip=197.218.83.149  distance=21.26  totalDistance=1.066016708E8
1,2017-07-21 11:26:42,-23.813629,35.371517,0 m,4.0 ,Unnamed Road. Inhambane. MZ,battery=81  hdop=208.8  ip=197.218.83.149  distance=21.64  totalDistance=1.0660169244E8
1,2017-07-21 11:27:17,-23.813803,35.37141,0 m,3.7 ,Unnamed Road. Inhambane. MZ,battery=81  hdop=205.5  ip=197.218.83.149  distance=22.22  totalDistance=1.0660171466E8
1,2017-07-21 11:27:54,-23.813974,35.371319,0 m,4.1 ,Unnamed Road. Inhambane. MZ,battery=81  hdop=211.2  ip=197.218.83.149  distance=21.17  totalDistance=1.0660173583E8
1,2017-07-21 11:28:30,-23.81415,35.371189,0 m,4.2 ,Unnamed Road. Inhambane. MZ,battery=81  hdop=212.3  ip=197.218.83.149  distance=23.65  totalDistance=1.0660175948E8
1,2017-07-21 11:29:05,-23.814323,35.371078,0 m,4.1 ,-23.814323°. 35.371078°,battery=81  hdop=212.5  ip=197.218.83.149  distance=22.33  totalDistance=1.0660178181E8
1,2017-07-21 11:29:41,-23.81448,35.370972,0 m,3.5 ,Unnamed Road. Inhambane. MZ,battery=81  hdop=212.9  ip=197.218.83.149  distance=20.54  totalDistance=1.0660180235E8
1,2017-07-21 11:30:16,-23.814619,35.370876,0 m,3.4 ,Unnamed Road. Inhambane. MZ,battery=81  hdop=212.2  ip=197.218.83.149  distance=18.3  totalDistance=1.0660182065E8
1,2017-07-21 11:30:51,-23.814711,35.370789,0 m,3.6 ,Unnamed Road. Inhambane. MZ,battery=81  hdop=316.0  ip=197.218.83.149  distance=13.54  totalDistance=1.0660183419E8
1,2017-07-21 11:31:26,-23.814789,35.370735,0 m,0.4 ,Unnamed Road. Inhambane. MZ,battery=80  hdop=316.0  ip=197.218.83.149  distance=10.28  totalDistance=1.0660184447E8
1,2017-07-21 11:32:02,-23.814863,35.370682,0 m,0.0 ,Unnamed Road. Inhambane. MZ,battery=81  hdop=316.0  ip=197.218.83.149  distance=9.85  totalDistance=1.0660185432E8
1,2017-07-21 11:32:38,-23.814945,35.370632,0 m,0.4 ,Unnamed Road. Inhambane. MZ,battery=81  hdop=316.0  ip=197.218.83.149  distance=10.45  totalDistance=1.0660186477E8
1,2017-07-21 11:33:14,-23.815067,35.370567,0 m,0.4 ,Unnamed Road. Inhambane. MZ,battery=81  hdop=316.0  ip=197.218.83.149  distance=15.11  totalDistance=1.0660187988E8
1,2017-07-21 11:33:49,-23.815216,35.370483,0 m,0.0 ,Unnamed Road. Inhambane. MZ,battery=81  hdop=316.0  ip=197.218.83.149  distance=18.66  totalDistance=1.0660189854E8
1,2017-07-21 11:34:25,-23.815294,35.370434,0 m,0.0 ,Unnamed Road. Inhambane. MZ,battery=81  hdop=316.0  ip=197.218.83.149  distance=10.01  totalDistance=1.0660190855E8
1,2017-07-21 11:35:01,-23.815565,35.370266,0 m,4.1 ,Unnamed Road. Inhambane. MZ,battery=80  hdop=206.7  ip=197.218.83.149  distance=34.68  totalDistance=1.0660194323E8
1,2017-07-21 11:35:36,-23.815922,35.370094,0 m,4.1 ,Unnamed Road. Inhambane. MZ,battery=80  hdop=207.0  ip=197.218.83.149  distance=43.43  totalDistance=1.0660198666E8
1,2017-07-21 11:36:12,-23.816181,35.369968,0 m,3.9 ,-23.816181°. 35.369968°,battery=81  hdop=202.0  ip=197.218.83.149  distance=31.56  totalDistance=1.0660201822E8
1,2017-07-21 11:36:51,-23.816374,35.369862,0 m,4.1 ,-23.816374°. 35.369862°,battery=80  hdop=206.6  ip=197.218.83.149  distance=24.04  totalDistance=1.0660204226E8
1,2017-07-21 11:37:27,-23.816582,35.369755,0 m,4.2 ,Unnamed Road. Inhambane. MZ,battery=80  hdop=209.5  ip=197.218.83.149  distance=25.59  totalDistance=1.0660206785E8
1,2017-07-21 11:38:03,-23.816767,35.369644,0 m,4.4 ,Unnamed Road. Inhambane. MZ,battery=80  hdop=207.3  ip=197.218.83.149  distance=23.49  totalDistance=1.0660209134E8
1,2017-07-21 11:38:38,-23.816938,35.369549,0 m,3.8 ,Unnamed Road. Inhambane. MZ,battery=80  hdop=205.1  ip=197.218.83.149  distance=21.35  totalDistance=1.0660211269E8
1,2017-07-21 11:39:14,-23.817104,35.369453,0 m,4.0 ,Unnamed Road. Inhambane. MZ,battery=80  hdop=206.6  ip=197.218.83.149  distance=20.91  totalDistance=1.066021336E8
1,2017-07-21 11:39:51,-23.817278,35.369362,0 m,3.8 ,Unnamed Road. Inhambane. MZ,battery=80  hdop=206.3  ip=197.218.83.149  distance=21.47  totalDistance=1.0660215507E8
1,2017-07-21 11:40:27,-23.817451,35.369282,0 m,3.9 ,Unnamed Road. Inhambane. MZ,battery=80  hdop=208.8  ip=197.218.83.149  distance=20.91  totalDistance=1.0660217598E8
1,2017-07-21 11:41:03,-23.817627,35.369194,0 m,4.1 ,Unnamed Road. Inhambane. MZ,battery=80  hdop=202.8  ip=197.218.83.149  distance=21.54  totalDistance=1.0660219752E8
1,2017-07-21 11:41:38,-23.817812,35.369102,0 m,4.2 ,Unnamed Road. Inhambane. MZ,battery=80  hdop=204.8  ip=197.218.83.149  distance=22.63  totalDistance=1.0660222015E8
1,2017-07-21 11:42:13,-23.817984,35.369007,0 m,4.2 ,Unnamed Road. Inhambane. MZ,battery=80  hdop=205.4  ip=197.218.83.149  distance=21.45  totalDistance=1.066022416E8
1,2017-07-21 11:42:49,-23.818167,35.368916,0 m,4.1 ,Unnamed Road. Inhambane. MZ,battery=80  hdop=205.3  ip=197.218.83.149  distance=22.38  totalDistance=1.0660226398E8
1,2017-07-21 11:43:31,-23.81835,35.368832,0 m,4.2 ,Unnamed Road. Inhambane. MZ,battery=80  hdop=205.2  ip=197.218.83.149  distance=22.09  totalDistance=1.0660228607E8
1,2017-07-21 11:44:07,-23.818569,35.368729,0 m,4.2 ,Unnamed Road. Inhambane. MZ,battery=80  hdop=205.1  ip=197.218.83.149  distance=26.54  totalDistance=1.0660231261E8
1,2017-07-21 11:44:42,-23.818752,35.368633,0 m,4.3 ,Unnamed Road. Inhambane. MZ,battery=80  hdop=207.0  ip=197.218.83.149  distance=22.6  totalDistance=1.0660233521E8
1,2017-07-21 11:45:18,-23.81893,35.368534,0 m,4.4 ,Unnamed Road. Inhambane. MZ,battery=79  hdop=206.6  ip=197.218.83.149  distance=22.23  totalDistance=1.0660235744E8
1,2017-07-21 11:45:54,-23.819118,35.368431,0 m,4.3 ,Unnamed Road. Inhambane. MZ,battery=79  hdop=203.8  ip=197.218.83.149  distance=23.41  totalDistance=1.0660238085E8
1,2017-07-21 11:46:31,-23.819311,35.368328,0 m,4.3 ,Unnamed Road. Inhambane. MZ,battery=79  hdop=202.4  ip=197.218.83.149  distance=23.91  totalDistance=1.0660240476E8
1,2017-07-21 11:47:06,-23.819504,35.368233,0 m,4.4 ,Unnamed Road. Inhambane. MZ,battery=79  hdop=207.1  ip=197.218.83.149  distance=23.56  totalDistance=1.0660242832E8
1,2017-07-21 11:47:42,-23.819695,35.368126,0 m,4.4 ,Unnamed Road. Inhambane. MZ,battery=79  hdop=206.7  ip=197.218.83.149  distance=23.89  totalDistance=1.0660245221E8
1,2017-07-21 11:48:17,-23.819881,35.368034,0 m,4.4 ,Unnamed Road. Inhambane. MZ,battery=79  hdop=207.7  ip=197.218.83.149  distance=22.73  totalDistance=1.0660247494E8
1,2017-07-21 11:48:53,-23.82008,35.367935,0 m,4.4 ,Unnamed Road. Inhambane. MZ,battery=79  hdop=203.0  ip=197.218.83.149  distance=24.34  totalDistance=1.0660249928E8
1,2017-07-21 11:49:29,-23.820271,35.367844,0 m,4.4 ,Unnamed Road. Inhambane. MZ,battery=79  hdop=202.3  ip=197.218.83.149  distance=23.19  totalDistance=1.0660252247E8
1,2017-07-21 11:50:10,-23.820471,35.36776,0 m,4.4 ,Unnamed Road. Inhambane. MZ,battery=79  hdop=201.6  ip=197.218.83.149  distance=23.85  totalDistance=1.0660254632E8
1,2017-07-21 11:50:46,-23.820698,35.367664,0 m,4.4 ,Unnamed Road. Inhambane. MZ,battery=79  hdop=200.5  ip=197.218.83.149  distance=27.09  totalDistance=1.0660257341E8
1,2017-07-21 11:51:21,-23.82089,35.367577,0 m,4.4 ,Unnamed Road. Inhambane. MZ,battery=79  hdop=203.0  ip=197.218.83.149  distance=23.14  totalDistance=1.0660259655E8
1,2017-07-21 11:51:56,-23.821083,35.367489,0 m,4.4 ,Unnamed Road. Inhambane. MZ,battery=79  hdop=199.6  ip=197.218.83.149  distance=23.28  totalDistance=1.0660261983E8
1,2017-07-21 11:52:32,-23.821283,35.367413,0 m,4.4 ,Unnamed Road. Inhambane. MZ,battery=79  hdop=199.7  ip=197.218.83.149  distance=23.57  totalDistance=1.066026434E8
1,2017-07-21 11:53:08,-23.821489,35.367332,0 m,4.3 ,Unnamed Road. Inhambane. MZ,battery=79  hdop=198.9  ip=197.218.83.149  distance=24.37  totalDistance=1.0660266777E8
1,2017-07-21 11:53:44,-23.821693,35.367264,0 m,4.6 ,Unnamed Road. Inhambane. MZ,battery=79  hdop=200.5  ip=197.218.83.149  distance=23.74  totalDistance=1.0660269151E8
1,2017-07-21 11:54:19,-23.821911,35.367176,0 m,4.8 ,Unnamed Road. Inhambane. MZ,battery=79  hdop=199.3  ip=197.218.83.149  distance=25.87  totalDistance=1.0660271738E8
1,2017-07-21 11:54:55,-23.82213,35.367088,0 m,4.6 ,Unnamed Road. Inhambane. MZ,battery=79  hdop=200.6  ip=197.218.83.149  distance=25.97  totalDistance=1.0660274335E8
1,2017-07-21 11:55:32,-23.822336,35.367004,0 m,4.6 ,Unnamed Road. Inhambane. MZ,battery=79  hdop=202.2  ip=197.218.83.149  distance=24.48  totalDistance=1.0660276783E8
1,2017-07-21 11:56:07,-23.82255,35.366924,0 m,4.5 ,Unnamed Road. Inhambane. MZ,battery=79  hdop=198.8  ip=197.218.83.149  distance=25.18  totalDistance=1.0660279301E8
1,2017-07-21 11:56:42,-23.822756,35.366856,0 m,4.7 ,Unnamed Road. Inhambane. MZ,battery=79  hdop=198.4  ip=197.218.83.149  distance=23.95  totalDistance=1.0660281696E8
1,2017-07-21 11:57:18,-23.822971,35.366768,0 m,5.0 ,Unnamed Road. Inhambane. MZ,battery=79  hdop=200.5  ip=197.218.83.149  distance=25.56  totalDistance=1.0660284252E8
1,2017-07-21 11:57:53,-23.823195,35.366692,0 m,4.7 ,Unnamed Road. Inhambane. MZ,battery=79  hdop=197.7  ip=197.218.83.149  distance=26.11  totalDistance=1.0660286863E8
1,2017-07-21 11:58:30,-23.8234,35.366615,0 m,4.7 ,Unnamed Road. Inhambane. MZ,battery=79  hdop=196.2  ip=197.218.83.149  distance=24.13  totalDistance=1.0660289276E8
1,2017-07-21 11:59:07,-23.823635,35.366531,0 m,4.7 ,Unnamed Road. Inhambane. MZ,battery=79  hdop=198.2  ip=197.218.83.149  distance=27.52  totalDistance=1.0660292028E8
1,2017-07-21 11:59:43,-23.823862,35.366463,0 m,4.8 ,Unnamed Road. Inhambane. MZ,battery=79  hdop=195.2  ip=197.218.83.149  distance=26.2  totalDistance=1.0660294648E8
1,2017-07-21 12:00:19,-23.824087,35.366398,0 m,4.9 ,Unnamed Road. Inhambane. MZ,battery=79  hdop=192.4  ip=197.218.83.149  distance=25.91  totalDistance=1.0660297239E8
1,2017-07-21 12:00:55,-23.824293,35.366318,0 m,4.8 ,Unnamed Road. Inhambane. MZ,battery=79  hdop=196.9  ip=197.218.83.149  distance=24.34  totalDistance=1.0660299673E8
1,2017-07-21 12:01:30,-23.824537,35.366272,0 m,4.7 ,Unnamed Road. Inhambane. MZ,battery=79  hdop=192.2  ip=197.218.83.149  distance=27.56  totalDistance=1.0660302429E8
1,2017-07-21 12:02:07,-23.824755,35.366211,0 m,4.4 ,Unnamed Road. Inhambane. MZ,battery=79  hdop=206.1  ip=197.218.83.149  distance=25.05  totalDistance=1.0660304934E8
1,2017-07-21 12:02:42,-23.824976,35.36615,0 m,4.6 ,Unnamed Road. Inhambane. MZ,battery=79  hdop=197.3  ip=197.218.83.149  distance=25.37  totalDistance=1.0660307471E8
1,2017-07-21 12:03:18,-23.825216,35.366104,0 m,4.9 ,Unnamed Road. Inhambane. MZ,battery=79  hdop=192.4  ip=197.218.83.149  distance=27.12  totalDistance=1.0660310183E8
1,2017-07-21 12:03:54,-23.825434,35.366047,0 m,4.7 ,Unnamed Road. Inhambane. MZ,battery=79  hdop=198.0  ip=197.218.83.149  distance=24.95  totalDistance=1.0660312678E8
1,2017-07-21 12:04:29,-23.825687,35.365997,0 m,5.0 ,Unnamed Road. Inhambane. MZ,battery=79  hdop=193.1  ip=197.218.83.149  distance=28.62  totalDistance=1.066031554E8
1,2017-07-21 12:05:05,-23.82592,35.365955,0 m,4.9 ,Unnamed Road. Inhambane. MZ,battery=79  hdop=190.5  ip=197.218.83.149  distance=26.29  totalDistance=1.0660318169E8
1,2017-07-21 12:05:41,-23.826157,35.365902,0 m,5.0 ,Unnamed Road. Inhambane. MZ,battery=79  hdop=189.8  ip=197.218.83.149  distance=26.93  totalDistance=1.0660320862E8
1,2017-07-21 12:06:17,-23.826391,35.365852,0 m,5.3 ,Unnamed Road. Inhambane. MZ,battery=79  hdop=189.9  ip=197.218.83.149  distance=26.54  totalDistance=1.0660323516E8
1,2017-07-21 12:06:53,-23.826628,35.365814,0 m,4.5 ,Unnamed Road. Inhambane. MZ,battery=79  hdop=187.6  ip=197.218.83.149  distance=26.66  totalDistance=1.0660326182E8
1,2017-07-21 12:07:28,-23.826874,35.365784,0 m,5.1 ,Unnamed Road. Inhambane. MZ,battery=79  hdop=197.4  ip=197.218.83.149  distance=27.55  totalDistance=1.0660328937E8
1,2017-07-21 12:08:04,-23.827116,35.365734,0 m,4.9 ,Unnamed Road. Inhambane. MZ,battery=79  hdop=194.3  ip=197.218.83.149  distance=27.42  totalDistance=1.0660331679E8
1,2017-07-21 12:08:39,-23.827379,35.365707,0 m,5.4 ,Unnamed Road. Inhambane. MZ,battery=79  hdop=187.7  ip=197.218.83.149  distance=29.41  totalDistance=1.066033462E8
1,2017-07-21 12:09:23,-23.827614,35.365677,0 m,5.1 ,Unnamed Road. Inhambane. MZ,battery=79  hdop=185.8  ip=197.218.83.149  distance=26.34  totalDistance=1.0660337254E8
1,2017-07-21 12:10:02,-23.827898,35.36565,0 m,5.4 ,Unnamed Road. Inhambane. MZ,battery=79  hdop=190.1  ip=197.218.83.149  distance=31.73  totalDistance=1.0660340427E8
1,2017-07-21 12:10:38,-23.828165,35.365631,0 m,5.2 ,Unnamed Road. Inhambane. MZ,battery=79  hdop=191.2  ip=197.218.83.149  distance=29.79  totalDistance=1.0660343406E8
1,2017-07-21 12:11:14,-23.828388,35.365608,0 m,4.6 ,Unnamed Road. Inhambane. MZ,battery=79  hdop=183.4  ip=197.218.83.149  distance=24.93  totalDistance=1.0660345899E8
1,2017-07-21 12:11:50,-23.828642,35.365597,0 m,5.9 ,Unnamed Road. Inhambane. MZ,battery=79  hdop=191.8  ip=197.218.83.149  distance=28.3  totalDistance=1.0660348729E8
1,2017-07-21 12:12:26,-23.828905,35.365566,0 m,5.4 ,Unnamed Road. Inhambane. MZ,battery=78  hdop=187.6  ip=197.218.83.149  distance=29.45  totalDistance=1.0660351674E8
1,2017-07-21 12:13:01,-23.829163,35.365532,0 m,5.7 ,Unnamed Road. Maxixe. Inhambane. MZ,battery=78  hdop=190.4  ip=197.218.83.149  distance=28.93  totalDistance=1.0660354567E8
1,2017-07-21 12:13:37,-23.829441,35.365501,0 m,5.2 ,Unnamed Road. Maxixe. Inhambane. MZ,battery=78  hdop=189.2  ip=197.218.83.149  distance=31.11  totalDistance=1.0660357678E8
1,2017-07-21 12:14:13,-23.829695,35.36549,0 m,5.6 ,Unnamed Road. Maxixe. Inhambane. MZ,battery=78  hdop=187.2  ip=197.218.83.149  distance=28.3  totalDistance=1.0660360508E8
1,2017-07-21 12:14:49,-23.829975,35.365479,0 m,5.7 ,Unnamed Road. Maxixe. Inhambane. MZ,battery=78  hdop=180.8  ip=197.218.83.149  distance=31.19  totalDistance=1.0660363627E8
1,2017-07-21 12:15:25,-23.830231,35.365471,0 m,6.2 ,Unnamed Road. Maxixe. Inhambane. MZ,battery=78  hdop=182.0  ip=197.218.83.149  distance=28.51  totalDistance=1.0660366478E8
1,2017-07-21 12:16:01,-23.8305,35.365463,0 m,5.4 ,Unnamed Road. Maxixe. Inhambane. MZ,battery=78  hdop=184.6  ip=197.218.83.149  distance=29.96  totalDistance=1.0660369474E8
1,2017-07-21 12:16:36,-23.830757,35.365452,0 m,5.6 ,Unnamed Road. Maxixe. Inhambane. MZ,battery=78  hdop=179.7  ip=197.218.83.149  distance=28.63  totalDistance=1.0660372337E8
1,2017-07-21 12:17:12,-23.831007,35.36544,0 m,5.8 ,Unnamed Road. Maxixe. Inhambane. MZ,battery=78  hdop=177.6  ip=197.218.83.149  distance=27.86  totalDistance=1.0660375123E8
1,2017-07-21 12:17:47,-23.831263,35.365433,0 m,5.2 ,Unnamed Road. Maxixe. Inhambane. MZ,battery=78  hdop=187.7  ip=197.218.83.149  distance=28.51  totalDistance=1.0660377974E8
1,2017-07-21 12:18:23,-23.831495,35.36544,0 m,4.8 ,Unnamed Road. Maxixe. Inhambane. MZ,battery=78  hdop=184.3  ip=197.218.83.149  distance=25.84  totalDistance=1.0660380558E8
1,2017-07-21 12:18:59,-23.831722,35.365402,0 m,5.1 ,Unnamed Road. Maxixe. Inhambane. MZ,battery=78  hdop=189.8  ip=197.218.83.149  distance=25.56  totalDistance=1.0660383114E8
1,2017-07-21 12:19:35,-23.831949,35.365376,0 m,4.9 ,Unnamed Road. Maxixe. Inhambane. MZ,battery=78  hdop=194.3  ip=197.218.83.149  distance=25.41  totalDistance=1.0660385655E8
1,2017-07-21 12:20:11,-23.832205,35.365372,0 m,5.2 ,Unnamed Road. Maxixe. Inhambane. MZ,battery=78  hdop=187.9  ip=197.218.83.149  distance=28.5  totalDistance=1.0660388505E8
1,2017-07-21 12:20:47,-23.832458,35.365372,0 m,4.8 ,Unnamed Road. Maxixe. Inhambane. MZ,battery=78  hdop=196.0  ip=197.218.83.149  distance=28.16  totalDistance=1.0660391321E8
1,2017-07-21 12:21:22,-23.832689,35.365334,0 m,5.0 ,Unnamed Road. Maxixe. Inhambane. MZ,battery=78  hdop=197.5  ip=197.218.83.149  distance=26.0  totalDistance=1.0660393921E8
1,2017-07-21 12:21:57,-23.832941,35.365345,0 m,4.5 ,Unnamed Road. Maxixe. Inhambane. MZ,battery=78  hdop=187.7  ip=197.218.83.149  distance=28.07  totalDistance=1.0660396728E8
1,2017-07-21 12:22:33,-23.833166,35.365364,0 m,5.0 ,Unnamed Road. Maxixe. Inhambane. MZ,battery=78  hdop=175.8  ip=197.218.83.149  distance=25.12  totalDistance=1.066039924E8
1,2017-07-21 12:23:09,-23.833418,35.365383,0 m,5.0 ,Unnamed Road. Maxixe. Inhambane. MZ,battery=78  hdop=183.2  ip=197.218.83.149  distance=28.12  totalDistance=1.0660402052E8
1,2017-07-21 12:23:44,-23.833681,35.365376,0 m,5.6 ,Unnamed Road. Maxixe. Inhambane. MZ,battery=78  hdop=182.1  ip=197.218.83.149  distance=29.29  totalDistance=1.0660404981E8
1,2017-07-21 12:24:20,-23.833927,35.365383,0 m,4.7 ,Unnamed Road. Maxixe. Inhambane. MZ,battery=78  hdop=180.9  ip=197.218.83.149  distance=27.39  totalDistance=1.066040772E8
1,2017-07-21 12:24:55,-23.83416,35.365383,0 m,4.5 ,Unnamed Road. Maxixe. Inhambane. MZ,battery=78  hdop=178.3  ip=197.218.83.149  distance=25.94  totalDistance=1.0660410314E8
1,2017-07-21 12:25:31,-23.83437,35.365387,0 m,4.5 ,Unnamed Road. Maxixe. Inhambane. MZ,battery=77  hdop=189.3  ip=197.218.83.149  distance=23.38  totalDistance=1.0660412652E8
1,2017-07-21 12:26:07,-23.834587,35.365387,0 m,4.3 ,Unnamed Road. Maxixe. Inhambane. MZ,battery=78  hdop=189.1  ip=197.218.83.149  distance=24.16  totalDistance=1.0660415068E8
1,2017-07-21 12:26:42,-23.834803,35.365387,0 m,4.5 ,Unnamed Road. Maxixe. Inhambane. MZ,battery=77  hdop=180.4  ip=197.218.83.149  distance=24.05  totalDistance=1.0660417473E8
1,2017-07-21 12:27:17,-23.835022,35.365406,0 m,4.5 ,-23.835022°. 35.365406°,battery=77  hdop=177.6  ip=197.218.83.149  distance=24.46  totalDistance=1.0660419919E8
1,2017-07-21 12:27:53,-23.835257,35.365406,0 m,4.7 ,Unnamed Road. Maxixe. Inhambane. MZ,battery=77  hdop=185.1  ip=197.218.83.149  distance=26.16  totalDistance=1.0660422535E8
1,2017-07-21 12:28:29,-23.835463,35.365414,0 m,4.3 ,Unnamed Road. Maxixe. Inhambane. MZ,battery=77  hdop=184.0  ip=197.218.83.149  distance=22.95  totalDistance=1.066042483E8
1,2017-07-21 12:29:05,-23.835688,35.365425,0 m,4.6 ,Unnamed Road. Maxixe. Inhambane. MZ,battery=77  hdop=179.1  ip=197.218.83.149  distance=25.07  totalDistance=1.0660427337E8
1,2017-07-21 12:29:41,-23.835896,35.365444,0 m,4.1 ,Unnamed Road. Maxixe. Inhambane. MZ,battery=77  hdop=179.4  ip=197.218.83.149  distance=23.24  totalDistance=1.0660429661E8
1,2017-07-21 12:30:16,-23.836111,35.365479,0 m,4.7 ,Unnamed Road. Maxixe. Inhambane. MZ,battery=77  hdop=175.9  ip=197.218.83.149  distance=24.2  totalDistance=1.0660432081E8
1,2017-07-21 12:30:52,-23.836315,35.36552,0 m,4.4 ,Unnamed Road. Maxixe. Inhambane. MZ,battery=77  hdop=176.9  ip=197.218.83.149  distance=23.09  totalDistance=1.066043439E8
1,2017-07-21 12:31:27,-23.83654,35.36554,0 m,4.5 ,Unnamed Road. Maxixe. Inhambane. MZ,battery=77  hdop=175.0  ip=197.218.83.149  distance=25.13  totalDistance=1.0660436903E8
1,2017-07-21 12:32:02,-23.836748,35.365559,0 m,4.9 ,Unnamed Road. Maxixe. Inhambane. MZ,battery=77  hdop=174.9  ip=197.218.83.149  distance=23.24  totalDistance=1.0660439227E8
1,2017-07-21 12:32:38,-23.836975,35.365566,0 m,4.6 ,Unnamed Road. Maxixe. Inhambane. MZ,battery=77  hdop=179.0  ip=197.218.83.149  distance=25.28  totalDistance=1.0660441755E8
1,2017-07-21 12:33:14,-23.837183,35.365589,0 m,4.3 ,Unnamed Road. Maxixe. Inhambane. MZ,battery=77  hdop=190.4  ip=197.218.83.149  distance=23.27  totalDistance=1.0660444082E8
1,2017-07-21 12:33:50,-23.83737,35.36562,0 m,4.1 ,Unnamed Road. Maxixe. Inhambane. MZ,battery=77  hdop=177.6  ip=197.218.83.149  distance=21.05  totalDistance=1.0660446187E8
1,2017-07-21 12:34:25,-23.837578,35.36565,0 m,4.2 ,Unnamed Road. Maxixe. Inhambane. MZ,battery=76  hdop=163.9  ip=197.218.83.149  distance=23.36  totalDistance=1.0660448523E8
1,2017-07-21 12:35:01,-23.837763,35.365669,0 m,4.3 ,Unnamed Road. Maxixe. Inhambane. MZ,battery=77  hdop=170.0  ip=197.218.83.149  distance=20.68  totalDistance=1.0660450591E8
1,2017-07-21 12:35:37,-23.837955,35.365688,0 m,3.7 ,Unnamed Road. Maxixe. Inhambane. MZ,battery=77  hdop=180.6  ip=197.218.83.149  distance=21.46  totalDistance=1.0660452737E8
1,2017-07-21 12:36:13,-23.838156,35.36573,0 m,3.8 ,Unnamed Road. Maxixe. Inhambane. MZ,battery=76  hdop=178.4  ip=197.218.83.149  distance=22.78  totalDistance=1.0660455015E8
1,2017-07-21 12:36:48,-23.838354,35.365749,0 m,4.5 ,Unnamed Road. Maxixe. Inhambane. MZ,battery=76  hdop=176.2  ip=197.218.83.149  distance=22.13  totalDistance=1.0660457228E8
1,2017-07-21 12:37:24,-23.838564,35.365791,0 m,3.6 ,Unnamed Road. Maxixe. Inhambane. MZ,battery=76  hdop=175.8  ip=197.218.83.149  distance=23.77  totalDistance=1.0660459605E8
1,2017-07-21 12:38:00,-23.838776,35.365822,0 m,3.8 ,Unnamed Road. Maxixe. Inhambane. MZ,battery=77  hdop=186.3  ip=197.218.83.149  distance=23.81  totalDistance=1.0660461986E8
1,2017-07-21 12:38:36,-23.838974,35.365864,0 m,4.5 ,Unnamed Road. Maxixe. Inhambane. MZ,battery=76  hdop=174.7  ip=197.218.83.149  distance=22.45  totalDistance=1.0660464231E8
1,2017-07-21 12:39:12,-23.839174,35.365898,0 m,4.5 ,Unnamed Road. Maxixe. Inhambane. MZ,battery=76  hdop=172.1  ip=197.218.83.149  distance=22.53  totalDistance=1.0660466484E8
1,2017-07-21 12:39:47,-23.839392,35.36594,0 m,5.1 ,Unnamed Road. Maxixe. Inhambane. MZ,battery=76  hdop=167.1  ip=197.218.83.149  distance=24.64  totalDistance=1.0660468948E8
1,2017-07-21 12:40:23,-23.839603,35.366001,0 m,4.6 ,Unnamed Road. Maxixe. Inhambane. MZ,battery=76  hdop=170.1  ip=197.218.83.149  distance=24.3  totalDistance=1.0660471378E8
1,2017-07-21 12:40:58,-23.839836,35.366055,0 m,5.5 ,Unnamed Road. Maxixe. Inhambane. MZ,battery=76  hdop=172.7  ip=197.218.83.149  distance=26.51  totalDistance=1.0660474029E8
1,2017-07-21 12:41:34,-23.840034,35.366116,0 m,4.1 ,EN 1. Maxixe. Inhambane. MZ,battery=76  hdop=167.2  ip=197.218.83.149  distance=22.9  totalDistance=1.0660476319E8
1,2017-07-21 12:42:10,-23.840246,35.366173,0 m,4.9 ,EN 1. Maxixe. Inhambane. MZ,battery=76  hdop=165.2  ip=197.218.83.149  distance=24.3  totalDistance=1.0660478749E8
1,2017-07-21 12:42:45,-23.840448,35.366238,0 m,4.2 ,EN 1. Maxixe. Inhambane. MZ,battery=76  hdop=171.7  ip=197.218.83.149  distance=23.44  totalDistance=1.0660481093E8
1,2017-07-21 12:43:21,-23.840651,35.366302,0 m,4.5 ,EN 1. Maxixe. Inhambane. MZ,battery=76  hdop=177.6  ip=197.218.83.149  distance=23.52  totalDistance=1.0660483445E8
1,2017-07-21 12:43:56,-23.840864,35.366375,0 m,4.2 ,EN 1. Maxixe. Inhambane. MZ,battery=76  hdop=165.1  ip=197.218.83.149  distance=24.85  totalDistance=1.066048593E8
1,2017-07-21 12:44:32,-23.841049,35.366436,0 m,4.1 ,EN 1. Maxixe. Inhambane. MZ,battery=76  hdop=167.6  ip=197.218.83.149  distance=21.51  totalDistance=1.0660488081E8
1,2017-07-21 12:45:07,-23.841251,35.366516,0 m,4.1 ,EN 1. Maxixe. Inhambane. MZ,battery=76  hdop=164.6  ip=197.218.83.149  distance=23.92  totalDistance=1.0660490473E8
1,2017-07-21 12:45:43,-23.84145,35.366573,0 m,3.7 ,EN 1. Maxixe. Inhambane. MZ,battery=76  hdop=174.4  ip=197.218.83.149  distance=22.9  totalDistance=1.0660492763E8
1,2017-07-21 12:46:18,-23.84165,35.366642,0 m,3.9 ,EN 1. Maxixe. Inhambane. MZ,battery=76  hdop=172.1  ip=197.218.83.149  distance=23.35  totalDistance=1.0660495098E8
1,2017-07-21 12:46:54,-23.84185,35.36673,0 m,4.3 ,EN 1. Maxixe. Inhambane. MZ,battery=76  hdop=164.2  ip=197.218.83.149  distance=24.0  totalDistance=1.0660497498E8
1,2017-07-21 12:47:30,-23.842058,35.36681,0 m,4.6 ,EN 1. Maxixe. Inhambane. MZ,battery=76  hdop=165.1  ip=197.218.83.149  distance=24.55  totalDistance=1.0660499953E8
1,2017-07-21 12:48:06,-23.842295,35.366863,0 m,5.1 ,EN 1. Maxixe. Inhambane. MZ,battery=76  hdop=176.7  ip=197.218.83.149  distance=26.93  totalDistance=1.0660502646E8
1,2017-07-21 12:48:42,-23.842499,35.366879,0 m,4.1 ,EN 1. Maxixe. Inhambane. MZ,battery=76  hdop=186.6  ip=197.218.83.149  distance=22.77  totalDistance=1.0660504923E8
1,2017-07-21 12:49:17,-23.842724,35.366894,0 m,4.1 ,EN 1. Maxixe. Inhambane. MZ,battery=76  hdop=181.7  ip=197.218.83.149  distance=25.09  totalDistance=1.0660507432E8
1,2017-07-21 12:49:54,-23.842922,35.366924,0 m,4.1 ,EN 1. Maxixe. Inhambane. MZ,battery=76  hdop=176.8  ip=197.218.83.149  distance=22.25  totalDistance=1.0660509657E8
1,2017-07-21 12:50:29,-23.843151,35.366966,0 m,4.3 ,EN 1. Maxixe. Inhambane. MZ,battery=76  hdop=176.9  ip=197.218.83.149  distance=25.85  totalDistance=1.0660512242E8
1,2017-07-21 12:51:05,-23.843388,35.367027,0 m,4.7 ,EN 1. Maxixe. Inhambane. MZ,battery=76  hdop=173.8  ip=197.218.83.149  distance=27.1  totalDistance=1.0660514952E8
1,2017-07-21 12:51:40,-23.843615,35.3671,0 m,4.9 ,EN 1. Maxixe. Inhambane. MZ,battery=76  hdop=167.2  ip=197.218.83.149  distance=26.34  totalDistance=1.0660517586E8
1,2017-07-21 12:52:15,-23.843838,35.367161,0 m,4.8 ,EN 1. Maxixe. Inhambane. MZ,battery=76  hdop=168.8  ip=197.218.83.149  distance=25.59  totalDistance=1.0660520145E8
1,2017-07-21 12:52:51,-23.844063,35.367207,0 m,4.5 ,EN 1. Maxixe. Inhambane. MZ,battery=76  hdop=180.7  ip=197.218.83.149  distance=25.48  totalDistance=1.0660522693E8
1,2017-07-21 12:53:26,-23.844292,35.367249,0 m,4.5 ,EN 1. Maxixe. Inhambane. MZ,battery=76  hdop=175.0  ip=197.218.83.149  distance=25.85  totalDistance=1.0660525278E8
1,2017-07-21 12:54:02,-23.844526,35.367317,0 m,4.7 ,EN 1. Maxixe. Inhambane. MZ,battery=76  hdop=166.2  ip=197.218.83.149  distance=26.95  totalDistance=1.0660527973E8
1,2017-07-21 12:54:38,-23.844751,35.367413,0 m,4.5 ,EN 1. Maxixe. Inhambane. MZ,battery=76  hdop=164.7  ip=197.218.83.149  distance=26.89  totalDistance=1.0660530662E8
1,2017-07-21 12:55:13,-23.844975,35.367493,0 m,4.7 ,EN 1. Maxixe. Inhambane. MZ,battery=76  hdop=162.7  ip=197.218.83.149  distance=26.23  totalDistance=1.0660533285E8
1,2017-07-21 12:55:48,-23.84519,35.367558,0 m,4.6 ,EN 1. Maxixe. Inhambane. MZ,battery=76  hdop=170.7  ip=197.218.83.149  distance=24.83  totalDistance=1.0660535768E8
1,2017-07-21 12:56:27,-23.845402,35.36763,0 m,4.7 ,EN 1. Maxixe. Inhambane. MZ,battery=76  hdop=162.9  ip=197.218.83.149  distance=24.71  totalDistance=1.0660538239E8
1,2017-07-21 12:57:03,-23.84565,35.367676,0 m,4.3 ,EN 1. Maxixe. Inhambane. MZ,battery=76  hdop=184.9  ip=197.218.83.149  distance=28.0  totalDistance=1.0660541039E8
1,2017-07-21 12:57:38,-23.845865,35.367733,0 m,4.8 ,EN 1. Maxixe. Inhambane. MZ,battery=76  hdop=164.5  ip=197.218.83.149  distance=24.63  totalDistance=1.0660543502E8
1,2017-07-21 12:58:14,-23.846087,35.367805,0 m,4.4 ,EN 1. Maxixe. Inhambane. MZ,battery=76  hdop=181.4  ip=197.218.83.149  distance=25.78  totalDistance=1.066054608E8
1,2017-07-21 12:58:49,-23.846304,35.367886,0 m,4.6 ,EN 1. Maxixe. Inhambane. MZ,battery=76  hdop=174.7  ip=197.218.83.149  distance=25.53  totalDistance=1.0660548633E8
1,2017-07-21 12:59:24,-23.846535,35.367966,0 m,4.9 ,EN 1. Maxixe. Inhambane. MZ,battery=76  hdop=163.7  ip=197.218.83.149  distance=26.97  totalDistance=1.066055133E8
1,2017-07-21 13:00:00,-23.846767,35.368034,0 m,5.1 ,EN 1. Maxixe. Inhambane. MZ,battery=76  hdop=164.1  ip=197.218.83.149  distance=26.74  totalDistance=1.0660554004E8
1,2017-07-21 13:00:36,-23.846994,35.368107,0 m,5.2 ,EN 1. Maxixe. Inhambane. MZ,battery=76  hdop=163.3  ip=197.218.83.149  distance=26.34  totalDistance=1.0660556638E8
1,2017-07-21 13:01:11,-23.847231,35.368176,0 m,4.9 ,EN 1. Maxixe. Inhambane. MZ,battery=76  hdop=163.4  ip=197.218.83.149  distance=27.3  totalDistance=1.0660559368E8
1,2017-07-21 13:01:47,-23.847464,35.368248,0 m,5.0 ,EN 1. Maxixe. Inhambane. MZ,battery=76  hdop=163.0  ip=197.218.83.149  distance=26.95  totalDistance=1.0660562063E8
1,2017-07-21 13:02:23,-23.847702,35.36832,0 m,4.9 ,EN 1. Maxixe. Inhambane. MZ,battery=76  hdop=165.0  ip=197.218.83.149  distance=27.49  totalDistance=1.0660564812E8
1,2017-07-21 13:02:59,-23.847931,35.368404,0 m,5.0 ,EN 1. Maxixe. Inhambane. MZ,battery=76  hdop=165.9  ip=197.218.83.149  distance=26.89  totalDistance=1.0660567501E8
1,2017-07-21 13:03:34,-23.848166,35.368484,0 m,4.9 ,EN 1. Maxixe. Inhambane. MZ,battery=76  hdop=165.0  ip=197.218.83.149  distance=27.4  totalDistance=1.0660570241E8
1,2017-07-21 13:04:10,-23.848396,35.368557,0 m,4.8 ,EN 1. Maxixe. Inhambane. MZ,battery=75  hdop=165.2  ip=197.218.83.149  distance=26.66  totalDistance=1.0660572907E8
1,2017-07-21 13:04:46,-23.848618,35.36861,0 m,4.7 ,EN 1. Maxixe. Inhambane. MZ,battery=75  hdop=167.1  ip=197.218.83.149  distance=25.3  totalDistance=1.0660575437E8
1,2017-07-21 13:05:22,-23.848841,35.368671,0 m,4.7 ,Avenida 3 De Fevereiro. Inhambane. Inhambane. MZ,battery=75  hdop=161.4  ip=197.218.83.149  distance=25.59  totalDistance=1.0660577996E8
1,2017-07-21 13:05:57,-23.849068,35.368755,0 m,4.7 ,Avenida 3 De Fevereiro. Inhambane. Inhambane. MZ,battery=75  hdop=168.1  ip=197.218.83.149  distance=26.68  totalDistance=1.0660580664E8
1,2017-07-21 13:06:33,-23.849281,35.368809,0 m,4.5 ,Avenida 3 De Fevereiro. Inhambane. Inhambane. MZ,battery=75  hdop=166.2  ip=197.218.83.149  distance=24.34  totalDistance=1.0660583098E8
1,2017-07-21 13:07:09,-23.849495,35.36887,0 m,4.7 ,Avenida 3 De Fevereiro. Inhambane. Inhambane. MZ,battery=75  hdop=168.4  ip=197.218.83.149  distance=24.62  totalDistance=1.066058556E8
1,2017-07-21 13:07:45,-23.849724,35.368958,0 m,4.6 ,Avenida 3 De Fevereiro. Inhambane. Inhambane. MZ,battery=75  hdop=166.7  ip=197.218.83.149  distance=27.02  totalDistance=1.0660588262E8
1,2017-07-21 13:08:20,-23.849941,35.36903,0 m,4.2 ,Avenida 3 De Fevereiro. Inhambane. Inhambane. MZ,battery=75  hdop=160.6  ip=197.218.83.149  distance=25.24  totalDistance=1.0660590786E8
1,2017-07-21 13:08:55,-23.850149,35.369095,0 m,4.3 ,-23.850149°. 35.369095°,battery=75  hdop=166.9  ip=197.218.83.149  distance=24.08  totalDistance=1.0660593194E8
1,2017-07-21 13:09:31,-23.850355,35.369141,0 m,4.9 ,Avenida 3 De Fevereiro. Inhambane. Inhambane. MZ,battery=75  hdop=167.9  ip=197.218.83.149  distance=23.41  totalDistance=1.0660595535E8
1,2017-07-21 13:10:07,-23.850588,35.369198,0 m,4.2 ,Avenida 3 De Fevereiro. Inhambane. Inhambane. MZ,battery=75  hdop=174.4  ip=197.218.83.149  distance=26.58  totalDistance=1.0660598193E8
1,2017-07-21 13:10:42,-23.850803,35.369236,0 m,4.6 ,Avenida 3 De Fevereiro. Inhambane. Inhambane. MZ,battery=75  hdop=174.8  ip=197.218.83.149  distance=24.24  totalDistance=1.0660600617E8
1,2017-07-21 13:11:18,-23.851027,35.369297,0 m,4.8 ,Avenida 3 De Fevereiro. Inhambane. Inhambane. MZ,battery=75  hdop=168.0  ip=197.218.83.149  distance=25.7  totalDistance=1.0660603187E8
1,2017-07-21 13:11:53,-23.851259,35.369373,0 m,4.8 ,Avenida 3 De Fevereiro. Inhambane. Inhambane. MZ,battery=75  hdop=172.1  ip=197.218.83.149  distance=26.96  totalDistance=1.0660605883E8
1,2017-07-21 13:12:28,-23.85148,35.369453,0 m,4.6 ,Avenida 3 De Fevereiro. Inhambane. Inhambane. MZ,battery=75  hdop=167.9  ip=197.218.83.149  distance=25.91  totalDistance=1.0660608474E8
1,2017-07-21 13:13:04,-23.851704,35.369522,0 m,4.7 ,Avenida 3 De Fevereiro. Inhambane. Inhambane. MZ,battery=75  hdop=168.4  ip=197.218.83.149  distance=25.91  totalDistance=1.0660611065E8
1,2017-07-21 13:13:40,-23.851915,35.369591,0 m,4.5 ,Avenida 3 De Fevereiro. Inhambane. Inhambane. MZ,battery=75  hdop=168.5  ip=197.218.83.149  distance=24.52  totalDistance=1.0660613517E8
1,2017-07-21 13:14:15,-23.852137,35.369663,0 m,4.6 ,Avenida 3 De Fevereiro. Inhambane. Inhambane. MZ,battery=75  hdop=158.5  ip=197.218.83.149  distance=25.78  totalDistance=1.0660616095E8
1,2017-07-21 13:14:52,-23.852343,35.369701,0 m,4.5 ,Avenida 3 De Fevereiro. Inhambane. Inhambane. MZ,battery=75  hdop=176.7  ip=197.218.83.149  distance=23.26  totalDistance=1.0660618421E8
1,2017-07-21 13:15:28,-23.852556,35.369759,0 m,4.2 ,Avenida 3 De Fevereiro. Inhambane. Inhambane. MZ,battery=75  hdop=167.4  ip=197.218.83.149  distance=24.44  totalDistance=1.0660620865E8
1,2017-07-21 13:16:03,-23.852747,35.369823,0 m,4.0 ,Avenida 3 De Fevereiro. Inhambane. Inhambane. MZ,battery=75  hdop=171.9  ip=197.218.83.149  distance=22.24  totalDistance=1.0660623089E8
1,2017-07-21 13:16:39,-23.852932,35.369869,0 m,4.1 ,Avenida 3 De Fevereiro. Inhambane. Inhambane. MZ,battery=75  hdop=165.1  ip=197.218.83.149  distance=21.12  totalDistance=1.0660625201E8
1,2017-07-21 13:17:15,-23.853134,35.369942,0 m,4.4 ,Avenida 3 De Fevereiro. Inhambane. Inhambane. MZ,battery=75  hdop=161.2  ip=197.218.83.149  distance=23.68  totalDistance=1.0660627569E8
1,2017-07-21 13:17:50,-23.853342,35.370022,0 m,4.5 ,Avenida 3 De Fevereiro. Inhambane. Inhambane. MZ,battery=74  hdop=160.3  ip=197.218.83.149  distance=24.55  totalDistance=1.0660630024E8
1,2017-07-21 13:18:27,-23.853546,35.370094,0 m,4.4 ,Avenida 3 De Fevereiro. Inhambane. Inhambane. MZ,battery=74  hdop=163.8  ip=197.218.83.149  distance=23.86  totalDistance=1.066063241E8
1,2017-07-21 13:19:03,-23.853773,35.370159,0 m,4.7 ,Avenida 3 De Fevereiro. Inhambane. Inhambane. MZ,battery=74  hdop=165.9  ip=197.218.83.149  distance=26.12  totalDistance=1.0660635022E8
1,2017-07-21 13:19:39,-23.853977,35.370205,0 m,4.1 ,Avenida 3 De Fevereiro. Inhambane. Inhambane. MZ,battery=74  hdop=165.2  ip=197.218.83.149  distance=23.19  totalDistance=1.0660637341E8
1,2017-07-21 13:20:16,-23.854183,35.370251,0 m,4.1 ,Avenida 3 De Fevereiro. Inhambane. Inhambane. MZ,battery=74  hdop=181.3  ip=197.218.83.149  distance=23.41  totalDistance=1.0660639682E8
1,2017-07-21 13:20:52,-23.854395,35.370296,0 m,4.3 ,Avenida 3 De Fevereiro. Inhambane. Inhambane. MZ,battery=74  hdop=174.9  ip=197.218.83.149  distance=24.04  totalDistance=1.0660642086E8
1,2017-07-21 13:21:27,-23.854582,35.370335,0 m,4.4 ,Avenida 3 De Fevereiro. Inhambane. Inhambane. MZ,battery=74  hdop=169.5  ip=197.218.83.149  distance=21.19  totalDistance=1.0660644205E8
1,2017-07-21 13:22:04,-23.85479,35.370384,0 m,4.0 ,Avenida 3 De Fevereiro. Inhambane. Inhambane. MZ,battery=74  hdop=177.3  ip=197.218.83.149  distance=23.69  totalDistance=1.0660646574E8
1,2017-07-21 13:22:39,-23.855011,35.370438,0 m,5.7 ,Avenida 3 De Fevereiro. Inhambane. Inhambane. MZ,battery=74  hdop=182.6  ip=197.218.83.149  distance=25.21  totalDistance=1.0660649095E8
1,2017-07-21 13:23:14,-23.855227,35.370506,0 m,4.7 ,Avenida 3 De Fevereiro. Inhambane. Inhambane. MZ,battery=74  hdop=165.6  ip=197.218.83.149  distance=25.02  totalDistance=1.0660651597E8
1,2017-07-21 13:23:50,-23.855442,35.370571,0 m,4.7 ,Avenida 3 De Fevereiro. Inhambane. Inhambane. MZ,battery=74  hdop=165.3  ip=197.218.83.149  distance=24.83  totalDistance=1.066065408E8
1,2017-07-21 13:24:26,-23.855665,35.37064,0 m,4.9 ,Avenida 3 De Fevereiro. Inhambane. Inhambane. MZ,battery=74  hdop=164.4  ip=197.218.83.149  distance=25.8  totalDistance=1.066065666E8
1,2017-07-21 13:25:02,-23.855888,35.370728,0 m,4.9 ,Avenida 3 De Fevereiro. Inhambane. Inhambane. MZ,battery=74  hdop=162.8  ip=197.218.83.149  distance=26.39  totalDistance=1.0660659299E8
1,2017-07-21 13:25:37,-23.856108,35.370808,0 m,4.6 ,Avenida 3 De Fevereiro. Inhambane. Inhambane. MZ,battery=74  hdop=151.6  ip=197.218.83.149  distance=25.81  totalDistance=1.066066188E8
1,2017-07-21 13:26:13,-23.856331,35.370884,0 m,4.8 ,Avenida 3 De Fevereiro. Inhambane. Inhambane. MZ,battery=74  hdop=153.8  ip=197.218.83.149  distance=26.0  totalDistance=1.066066448E8
1,2017-07-21 13:26:51,-23.856535,35.37096,0 m,4.4 ,Avenida 3 De Fevereiro. Inhambane. Inhambane. MZ,battery=74  hdop=162.5  ip=197.218.83.149  distance=23.99  totalDistance=1.0660666879E8
1,2017-07-21 13:27:26,-23.856762,35.371056,0 m,4.7 ,Avenida 3 De Fevereiro. Inhambane. Inhambane. MZ,battery=74  hdop=161.5  ip=197.218.83.149  distance=27.09  totalDistance=1.0660669588E8
1,2017-07-21 13:28:02,-23.856968,35.371117,0 m,3.7 ,Avenida 3 De Fevereiro. Inhambane. Inhambane. MZ,battery=74  hdop=152.9  ip=197.218.83.149  distance=23.76  totalDistance=1.0660671964E8
1,2017-07-21 13:28:38,-23.857168,35.371189,0 m,4.5 ,Avenida 3 De Fevereiro. Inhambane. Inhambane. MZ,battery=74  hdop=165.1  ip=197.218.83.149  distance=23.44  totalDistance=1.0660674308E8
1,2017-07-21 13:29:13,-23.857391,35.371258,0 m,4.4 ,Avenida 3 De Fevereiro. Inhambane. Inhambane. MZ,battery=74  hdop=161.3  ip=197.218.83.149  distance=25.8  totalDistance=1.0660676888E8
1,2017-07-21 13:29:48,-23.857597,35.371334,0 m,4.6 ,Avenida 3 De Fevereiro. Inhambane. Inhambane. MZ,battery=74  hdop=158.1  ip=197.218.83.149  distance=24.2  totalDistance=1.0660679308E8
1,2017-07-21 13:30:24,-23.857813,35.371407,0 m,4.7 ,Avenida 3 De Fevereiro. Inhambane. Inhambane. MZ,battery=74  hdop=161.1  ip=197.218.83.149  distance=25.17  totalDistance=1.0660681825E8
1,2017-07-21 13:30:59,-23.858032,35.371487,0 m,4.9 ,Avenida 3 De Fevereiro. Inhambane. Inhambane. MZ,battery=74  hdop=161.0  ip=197.218.83.149  distance=25.7  totalDistance=1.0660684395E8
1,2017-07-21 13:31:35,-23.858242,35.371548,0 m,4.3 ,Avenida 3 De Fevereiro. Inhambane. Inhambane. MZ,battery=74  hdop=156.2  ip=197.218.83.149  distance=24.19  totalDistance=1.0660686814E8
1,2017-07-21 13:32:10,-23.858463,35.371624,0 m,4.6 ,Av. de Maguiguana. Inhambane. Inhambane. MZ,battery=74  hdop=165.2  ip=197.218.83.149  distance=25.79  totalDistance=1.0660689393E8
1,2017-07-21 13:32:46,-23.858654,35.371693,0 m,4.6 ,Av. de Maguiguana. Inhambane. Inhambane. MZ,battery=74  hdop=163.6  ip=197.218.83.149  distance=22.39  totalDistance=1.0660691632E8
1,2017-07-21 13:33:21,-23.858887,35.371761,0 m,2.9 ,Av. de Maguiguana. Inhambane. Inhambane. MZ,battery=74  hdop=141.8  ip=197.218.83.149  distance=26.85  totalDistance=1.0660694317E8
1,2017-07-21 13:33:57,-23.859097,35.37183,0 m,4.6 ,Av. de Maguiguana. Inhambane. Inhambane. MZ,battery=74  hdop=162.8  ip=197.218.83.149  distance=24.41  totalDistance=1.0660696758E8
1,2017-07-21 13:34:33,-23.859324,35.371906,0 m,4.4 ,Av. de Maguiguana. Inhambane. Inhambane. MZ,battery=74  hdop=159.7  ip=197.218.83.149  distance=26.43  totalDistance=1.0660699401E8
1,2017-07-21 13:35:08,-23.859537,35.371983,0 m,4.7 ,Av. de Maguiguana. Inhambane. Inhambane. MZ,battery=74  hdop=164.5  ip=197.218.83.149  distance=24.97  totalDistance=1.0660701898E8
1,2017-07-21 13:35:45,-23.859755,35.372066,0 m,4.7 ,Av. de Maguiguana. Inhambane. Inhambane. MZ,battery=74  hdop=160.2  ip=197.218.83.149  distance=25.7  totalDistance=1.0660704468E8
1,2017-07-21 13:36:20,-23.859951,35.372143,0 m,4.5 ,Av. de Maguiguana. Inhambane. Inhambane. MZ,battery=74  hdop=159.1  ip=197.218.83.149  distance=23.18  totalDistance=1.0660706786E8
1,2017-07-21 13:36:56,-23.860163,35.372223,0 m,4.1 ,Av. de Maguiguana. Inhambane. Inhambane. MZ,battery=74  hdop=156.9  ip=197.218.83.149  distance=24.97  totalDistance=1.0660709283E8
1,2017-07-21 13:37:32,-23.860388,35.372288,0 m,4.2 ,Av. de Maguiguana. Inhambane. Inhambane. MZ,battery=74  hdop=172.2  ip=197.218.83.149  distance=25.91  totalDistance=1.0660711874E8
1,2017-07-21 13:38:07,-23.860596,35.372375,0 m,4.8 ,Av. de Maguiguana. Inhambane. Inhambane. MZ,battery=74  hdop=160.6  ip=197.218.83.149  distance=24.79  totalDistance=1.0660714353E8
1,2017-07-21 13:38:43,-23.860807,35.372459,0 m,5.1 ,Av. de Maguiguana. Inhambane. Inhambane. MZ,battery=74  hdop=161.2  ip=197.218.83.149  distance=25.0  totalDistance=1.0660716853E8
1,2017-07-21 13:39:19,-23.861019,35.372524,0 m,4.6 ,Av. de Maguiguana. Inhambane. Inhambane. MZ,battery=74  hdop=165.5  ip=197.218.83.149  distance=24.51  totalDistance=1.0660719304E8
1,2017-07-21 13:39:55,-23.86124,35.372608,0 m,4.5 ,Av. de Maguiguana. Inhambane. Inhambane. MZ,battery=74  hdop=166.4  ip=197.218.83.149  distance=26.05  totalDistance=1.0660721909E8
1,2017-07-21 13:40:31,-23.861479,35.372688,0 m,4.5 ,Av. de Maguiguana. Inhambane. Inhambane. MZ,battery=74  hdop=166.8  ip=197.218.83.149  distance=27.82  totalDistance=1.0660724691E8
1,2017-07-21 13:41:12,-23.861708,35.372765,0 m,5.4 ,Av. de Maguiguana. Inhambane. Inhambane. MZ,battery=74  hdop=160.3  ip=197.218.83.149  distance=26.67  totalDistance=1.0660727358E8
1,2017-07-21 13:41:48,-23.861963,35.372837,0 m,4.8 ,Av. de Maguiguana. Inhambane. Inhambane. MZ,battery=74  hdop=159.0  ip=197.218.83.149  distance=29.32  totalDistance=1.066073029E8
1,2017-07-21 13:42:24,-23.862192,35.372932,0 m,5.2 ,Avenida 3 De Fevereiro. Inhambane. Inhambane. MZ,battery=74  hdop=163.3  ip=197.218.83.149  distance=27.27  totalDistance=1.0660733017E8
1,2017-07-21 13:42:59,-23.862436,35.372997,0 m,5.9 ,Avenida 3 De Fevereiro. Inhambane. Inhambane. MZ,battery=74  hdop=173.8  ip=197.218.83.149  distance=27.96  totalDistance=1.0660735813E8
1,2017-07-21 13:43:35,-23.862661,35.373077,0 m,5.1 ,Avenida 3 De Fevereiro. Inhambane. Inhambane. MZ,battery=74  hdop=163.3  ip=197.218.83.149  distance=26.34  totalDistance=1.0660738447E8
1,2017-07-21 13:44:10,-23.862883,35.37315,0 m,5.2 ,Avenida 3 De Fevereiro. Inhambane. Inhambane. MZ,battery=74  hdop=167.1  ip=197.218.83.149  distance=25.81  totalDistance=1.0660741028E8
1,2017-07-21 13:44:46,-23.863119,35.373226,0 m,5.7 ,Avenida 3 De Fevereiro. Inhambane. Inhambane. MZ,battery=74  hdop=162.1  ip=197.218.83.149  distance=27.39  totalDistance=1.0660743767E8
1,2017-07-21 13:45:21,-23.863377,35.373283,0 m,4.4 ,Avenida 3 De Fevereiro. Inhambane. Inhambane. MZ,battery=73  hdop=177.9  ip=197.218.83.149  distance=29.3  totalDistance=1.0660746697E8
1,2017-07-21 13:45:57,-23.863607,35.373341,0 m,6.1 ,Avenida 3 De Fevereiro. Inhambane. Inhambane. MZ,battery=73  hdop=164.7  ip=197.218.83.149  distance=26.28  totalDistance=1.0660749325E8
1,2017-07-21 13:46:32,-23.863842,35.373398,0 m,6.6 ,Avenida 3 De Fevereiro. Inhambane. Inhambane. MZ,battery=73  hdop=170.5  ip=197.218.83.149  distance=26.8  totalDistance=1.0660752005E8
1,2017-07-21 13:47:08,-23.864061,35.37347,0 m,5.0 ,Avenida 3 De Fevereiro. Inhambane. Inhambane. MZ,battery=73  hdop=168.0  ip=197.218.83.149  distance=25.46  totalDistance=1.0660754551E8
1,2017-07-21 13:47:43,-23.864309,35.373535,0 m,5.8 ,Avenida 3 De Fevereiro. Inhambane. Inhambane. MZ,battery=73  hdop=168.9  ip=197.218.83.149  distance=28.39  totalDistance=1.066075739E8
1,2017-07-21 13:48:18,-23.864538,35.373585,0 m,5.2 ,Avenida 3 De Fevereiro. Inhambane. Inhambane. MZ,battery=73  hdop=166.9  ip=197.218.83.149  distance=26.0  totalDistance=1.066075999E8
1,2017-07-21 13:48:54,-23.864771,35.373653,0 m,5.5 ,Avenida 3 De Fevereiro. Inhambane. Inhambane. MZ,battery=73  hdop=161.3  ip=197.218.83.149  distance=26.85  totalDistance=1.0660762675E8
1,2017-07-21 13:49:29,-23.865019,35.373718,0 m,4.9 ,Avenida 3 De Fevereiro. Inhambane. Inhambane. MZ,battery=73  hdop=170.0  ip=197.218.83.149  distance=28.39  totalDistance=1.0660765514E8
1,2017-07-21 13:50:05,-23.865255,35.373775,0 m,5.0 ,Avenida 3 De Fevereiro. Inhambane. Inhambane. MZ,battery=73  hdop=170.2  ip=197.218.83.149  distance=26.9  totalDistance=1.0660768204E8
1,2017-07-21 13:50:40,-23.865479,35.373837,0 m,5.5 ,Avenida 3 De Fevereiro. Inhambane. Inhambane. MZ,battery=73  hdop=169.9  ip=197.218.83.149  distance=25.72  totalDistance=1.0660770776E8
1,2017-07-21 13:51:15,-23.865709,35.373901,0 m,5.0 ,Avenida 3 De Fevereiro. Inhambane. Inhambane. MZ,battery=73  hdop=168.7  ip=197.218.83.149  distance=26.42  totalDistance=1.0660773418E8
1,2017-07-21 13:51:51,-23.865992,35.373947,0 m,5.2 ,Avenida 3 De Fevereiro. Inhambane. Inhambane. MZ,battery=73  hdop=173.2  ip=197.218.83.149  distance=31.85  totalDistance=1.0660776603E8
1,2017-07-21 13:52:27,-23.866255,35.373978,0 m,5.3 ,Avenida 3 De Fevereiro. Inhambane. Inhambane. MZ,battery=73  hdop=169.3  ip=197.218.83.149  distance=29.45  totalDistance=1.0660779548E8
1,2017-07-21 13:53:03,-23.866503,35.374012,0 m,5.5 ,Avenida 3 De Fevereiro. Inhambane. Inhambane. MZ,battery=73  hdop=170.2  ip=197.218.83.149  distance=27.82  totalDistance=1.066078233E8
1,2017-07-21 13:53:38,-23.866755,35.374043,0 m,5.2 ,Avenida 3 De Fevereiro. Inhambane. Inhambane. MZ,battery=73  hdop=168.0  ip=197.218.83.149  distance=28.23  totalDistance=1.0660785153E8
1,2017-07-21 13:54:14,-23.866982,35.374081,0 m,5.6 ,Avenida 3 De Fevereiro. Inhambane. Inhambane. MZ,battery=73  hdop=168.9  ip=197.218.83.149  distance=25.56  totalDistance=1.0660787709E8
1,2017-07-21 13:54:50,-23.867249,35.37413,0 m,4.3 ,Avenida 3 De Fevereiro. Inhambane. Inhambane. MZ,battery=73  hdop=183.7  ip=197.218.83.149  distance=30.14  totalDistance=1.0660790723E8
1,2017-07-21 13:55:26,-23.867432,35.374138,0 m,4.1 ,Avenida 3 De Fevereiro. Inhambane. Inhambane. MZ,battery=73  hdop=169.5  ip=197.218.83.149  distance=20.39  totalDistance=1.0660792762E8
1,2017-07-21 13:56:01,-23.867655,35.37418,0 m,4.2 ,Unnamed Road. Inhambane. MZ,battery=72  hdop=169.1  ip=197.218.83.149  distance=25.19  totalDistance=1.0660795281E8
1,2017-07-21 13:56:37,-23.867878,35.37418,0 m,4.6 ,Unnamed Road. Inhambane. MZ,battery=73  hdop=168.3  ip=197.218.83.149  distance=24.82  totalDistance=1.0660797763E8
1,2017-07-21 13:57:13,-23.868107,35.374187,0 m,4.1 ,Unnamed Road. Inhambane. MZ,battery=73  hdop=182.5  ip=197.218.83.149  distance=25.5  totalDistance=1.0660800313E8
1,2017-07-21 13:57:48,-23.86833,35.374203,0 m,4.4 ,Unnamed Road. Inhambane. MZ,battery=72  hdop=178.4  ip=197.218.83.149  distance=24.88  totalDistance=1.0660802801E8
1,2017-07-21 13:58:25,-23.868557,35.374214,0 m,5.3 ,Unnamed Road. Inhambane. MZ,battery=73  hdop=178.2  ip=197.218.83.149  distance=25.29  totalDistance=1.066080533E8
1,2017-07-21 13:59:00,-23.868774,35.374214,0 m,4.2 ,Unnamed Road. Inhambane. MZ,battery=73  hdop=187.3  ip=197.218.83.149  distance=24.16  totalDistance=1.0660807746E8
1,2017-07-21 13:59:36,-23.868986,35.37421,0 m,5.0 ,Unnamed Road. Inhambane. MZ,battery=73  hdop=170.9  ip=197.218.83.149  distance=23.6  totalDistance=1.0660810106E8
1,2017-07-21 14:00:12,-23.869196,35.374214,0 m,3.9 ,Unnamed Road. Inhambane. MZ,battery=72  hdop=173.4  ip=197.218.83.149  distance=23.38  totalDistance=1.0660812444E8
1,2017-07-21 14:00:47,-23.869415,35.374229,0 m,4.8 ,Unnamed Road. Inhambane. MZ,battery=72  hdop=177.7  ip=197.218.83.149  distance=24.43  totalDistance=1.0660814887E8
1,2017-07-21 14:01:23,-23.869648,35.374222,0 m,4.6 ,Unnamed Road. Inhambane. MZ,battery=72  hdop=186.2  ip=197.218.83.149  distance=25.95  totalDistance=1.0660817482E8
1,2017-07-21 14:02:00,-23.869883,35.374229,0 m,5.4 ,Avenida Eduardo Mondlane. Inhambane. Inhambane. MZ,battery=72  hdop=189.8  ip=197.218.83.149  distance=26.17  totalDistance=1.0660820099E8
1,2017-07-21 14:02:38,-23.87011,35.374222,0 m,4.4 ,Avenida Eduardo Mondlane. Inhambane. Inhambane. MZ,battery=72  hdop=187.1  ip=197.218.83.149  distance=25.28  totalDistance=1.0660822627E8
1,2017-07-21 14:03:14,-23.870331,35.374229,0 m,4.5 ,Avenida Eduardo Mondlane. Inhambane. Inhambane. MZ,battery=72  hdop=174.3  ip=197.218.83.149  distance=24.61  totalDistance=1.0660825088E8
1,2017-07-21 14:03:49,-23.870564,35.37421,0 m,5.3 ,Avenida Eduardo Mondlane. Inhambane. Inhambane. MZ,battery=72  hdop=187.8  ip=197.218.83.149  distance=26.01  totalDistance=1.0660827689E8
1,2017-07-21 14:04:25,-23.870766,35.374187,0 m,4.2 ,Avenida Eduardo Mondlane. Inhambane. Inhambane. MZ,battery=72  hdop=187.9  ip=197.218.83.149  distance=22.61  totalDistance=1.066082995E8
1,2017-07-21 14:05:01,-23.870979,35.37418,0 m,5.1 ,-23.870979°. 35.374180°,battery=72  hdop=182.7  ip=197.218.83.149  distance=23.72  totalDistance=1.0660832322E8
1,2017-07-21 14:05:37,-23.871202,35.374172,0 m,3.5 ,Avenida Eduardo Mondlane. Inhambane. Inhambane. MZ,battery=72  hdop=178.6  ip=197.218.83.149  distance=24.84  totalDistance=1.0660834806E8
1,2017-07-21 14:06:12,-23.871428,35.374168,0 m,4.7 ,Avenida Eduardo Mondlane. Inhambane. Inhambane. MZ,battery=72  hdop=175.3  ip=197.218.83.149  distance=25.16  totalDistance=1.0660837322E8
1,2017-07-21 14:06:48,-23.871647,35.374146,0 m,3.6 ,Avenida Eduardo Mondlane. Inhambane. Inhambane. MZ,battery=72  hdop=191.3  ip=197.218.83.149  distance=24.48  totalDistance=1.066083977E8
1,2017-07-21 14:07:26,-23.871889,35.374146,0 m,4.3 ,Avenida Eduardo Mondlane. Inhambane. Inhambane. MZ,battery=72  hdop=176.8  ip=197.218.83.149  distance=26.94  totalDistance=1.0660842464E8
1,2017-07-21 14:08:02,-23.872118,35.374134,0 m,4.4 ,Avenida Eduardo Mondlane. Inhambane. Inhambane. MZ,battery=72  hdop=185.3  ip=197.218.83.149  distance=25.52  totalDistance=1.0660845016E8
1,2017-07-21 14:08:38,-23.872343,35.374142,0 m,5.4 ,Avenida Eduardo Mondlane. Inhambane. Inhambane. MZ,battery=72  hdop=174.5  ip=197.218.83.149  distance=25.06  totalDistance=1.0660847522E8
1,2017-07-21 14:09:13,-23.872559,35.374126,0 m,4.1 ,Avenida Eduardo Mondlane. Inhambane. Inhambane. MZ,battery=72  hdop=182.4  ip=197.218.83.149  distance=24.1  totalDistance=1.0660849932E8
1,2017-07-21 14:09:49,-23.872789,35.374126,0 m,4.6 ,Avenida Eduardo Mondlane. Inhambane. Inhambane. MZ,battery=72  hdop=174.6  ip=197.218.83.149  distance=25.6  totalDistance=1.0660852492E8
1,2017-07-21 14:10:25,-23.873007,35.374134,0 m,4.8 ,Avenida Eduardo Mondlane. Inhambane. Inhambane. MZ,battery=72  hdop=182.9  ip=197.218.83.149  distance=24.28  totalDistance=1.066085492E8
1,2017-07-21 14:11:00,-23.873247,35.374126,0 m,4.8 ,Avenida Eduardo Mondlane. Inhambane. Inhambane. MZ,battery=72  hdop=181.0  ip=197.218.83.149  distance=26.73  totalDistance=1.0660857593E8
1,2017-07-21 14:11:36,-23.873465,35.374107,0 m,5.0 ,Avenida Eduardo Mondlane. Inhambane. Inhambane. MZ,battery=72  hdop=179.4  ip=197.218.83.149  distance=24.34  totalDistance=1.0660860027E8
1,2017-07-21 14:12:12,-23.873678,35.374111,0 m,4.6 ,Avenida Eduardo Mondlane. Inhambane. Inhambane. MZ,battery=72  hdop=174.5  ip=197.218.83.149  distance=23.71  totalDistance=1.0660862398E8
1,2017-07-21 14:12:48,-23.873896,35.374107,0 m,4.5 ,Av. de Maguiguana. Inhambane. Inhambane. MZ,battery=72  hdop=183.9  ip=197.218.83.149  distance=24.27  totalDistance=1.0660864825E8
1,2017-07-21 14:13:24,-23.874094,35.374111,0 m,4.0 ,Av. de Maguiguana. Inhambane. Inhambane. MZ,battery=72  hdop=186.2  ip=197.218.83.149  distance=22.05  totalDistance=1.066086703E8
1,2017-07-21 14:14:00,-23.874302,35.374107,0 m,4.4 ,Av. de Maguiguana. Inhambane. Inhambane. MZ,battery=72  hdop=179.4  ip=197.218.83.149  distance=23.16  totalDistance=1.0660869346E8
1,2017-07-21 14:14:36,-23.874487,35.374092,0 m,4.4 ,Av. de Maguiguana. Inhambane. Inhambane. MZ,battery=72  hdop=174.9  ip=197.218.83.149  distance=20.65  totalDistance=1.0660871411E8
1,2017-07-21 14:15:11,-23.874681,35.374084,0 m,4.6 ,Av. de Maguiguana. Inhambane. Inhambane. MZ,battery=72  hdop=195.5  ip=197.218.83.149  distance=21.61  totalDistance=1.0660873572E8
1,2017-07-21 14:15:46,-23.874878,35.374081,0 m,4.7 ,Av. de Maguiguana. Inhambane. Inhambane. MZ,battery=72  hdop=184.1  ip=197.218.83.149  distance=21.93  totalDistance=1.0660875765E8
1,2017-07-21 14:16:22,-23.875063,35.374062,0 m,4.1 ,Av. de Maguiguana. Inhambane. Inhambane. MZ,battery=72  hdop=180.5  ip=197.218.83.149  distance=20.68  totalDistance=1.0660877833E8
1,2017-07-21 14:16:57,-23.875256,35.374043,0 m,3.9 ,Avenida Eduardo Mondlane. Inhambane. Inhambane. MZ,battery=72  hdop=180.1  ip=197.218.83.149  distance=21.57  totalDistance=1.066087999E8
1,2017-07-21 14:17:33,-23.875458,35.374043,0 m,4.2 ,Avenida Eduardo Mondlane. Inhambane. Inhambane. MZ,battery=72  hdop=187.5  ip=197.218.83.149  distance=22.49  totalDistance=1.0660882239E8
1,2017-07-21 14:18:09,-23.875654,35.374023,0 m,4.0 ,Avenida Eduardo Mondlane. Inhambane. Inhambane. MZ,battery=72  hdop=182.4  ip=197.218.83.149  distance=21.91  totalDistance=1.066088443E8
1,2017-07-21 14:18:45,-23.875856,35.374012,0 m,4.6 ,Avenida Eduardo Mondlane. Inhambane. Inhambane. MZ,battery=72  hdop=194.7  ip=197.218.83.149  distance=22.51  totalDistance=1.0660886681E8
1,2017-07-21 14:19:21,-23.876064,35.373993,0 m,4.7 ,Av. de Maguiguana. Inhambane. Inhambane. MZ,battery=72  hdop=181.7  ip=197.218.83.149  distance=23.24  totalDistance=1.0660889005E8
1,2017-07-21 14:19:59,-23.876274,35.373997,0 m,4.4 ,Av. de Maguiguana. Inhambane. Inhambane. MZ,battery=72  hdop=185.0  ip=197.218.83.149  distance=23.38  totalDistance=1.0660891343E8
1,2017-07-21 14:20:35,-23.876476,35.373985,0 m,4.2 ,Av. de Maguiguana. Inhambane. Inhambane. MZ,battery=72  hdop=182.1  ip=197.218.83.149  distance=22.52  totalDistance=1.0660893595E8
1,2017-07-21 14:21:12,-23.876694,35.37397,0 m,4.8 ,Av. de Maguiguana. Inhambane. Inhambane. MZ,battery=72  hdop=178.8  ip=197.218.83.149  distance=24.32  totalDistance=1.0660896027E8
1,2017-07-21 14:21:48,-23.876909,35.373962,0 m,4.3 ,Av. de Maguiguana. Inhambane. Inhambane. MZ,battery=72  hdop=188.6  ip=197.218.83.149  distance=23.95  totalDistance=1.0660898422E8
1,2017-07-21 14:22:25,-23.877106,35.373955,0 m,3.7 ,Av. de Maguiguana. Inhambane. Inhambane. MZ,battery=72  hdop=188.9  ip=197.218.83.149  distance=21.94  totalDistance=1.0660900616E8
1,2017-07-21 14:23:01,-23.877337,35.373943,0 m,4.4 ,Av. de Maguiguana. Inhambane. Inhambane. MZ,battery=72  hdop=187.2  ip=197.218.83.149  distance=25.74  totalDistance=1.066090319E8
1,2017-07-21 14:23:37,-23.877529,35.373928,0 m,4.9 ,Av. de Maguiguana. Inhambane. Inhambane. MZ,battery=72  hdop=186.7  ip=197.218.83.149  distance=21.43  totalDistance=1.0660905333E8
1,2017-07-21 14:24:12,-23.877731,35.373909,0 m,4.3 ,Av. de Maguiguana. Inhambane. Inhambane. MZ,battery=72  hdop=177.9  ip=197.218.83.149  distance=22.57  totalDistance=1.066090759E8
1,2017-07-21 14:24:48,-23.877913,35.373917,0 m,4.6 ,Av. de Maguiguana. Inhambane. Inhambane. MZ,battery=71  hdop=171.6  ip=197.218.83.149  distance=20.28  totalDistance=1.0660909618E8
1,2017-07-21 14:25:23,-23.878078,35.373901,0 m,3.1 ,Av. de Maguiguana. Inhambane. Inhambane. MZ,battery=72  hdop=187.6  ip=197.218.83.149  distance=18.44  totalDistance=1.0660911462E8
1,2017-07-21 14:25:58,-23.878246,35.373878,0 m,4.4 ,Av. de Maguiguana. Inhambane. Inhambane. MZ,battery=72  hdop=189.8  ip=197.218.83.149  distance=18.85  totalDistance=1.0660913347E8
1,2017-07-21 14:26:34,-23.878431,35.373878,0 m,3.1 ,Av. de Maguiguana. Inhambane. Inhambane. MZ,battery=72  hdop=176.6  ip=197.218.83.149  distance=20.59  totalDistance=1.0660915406E8
1,2017-07-21 14:27:09,-23.878597,35.373867,0 m,2.6 ,Av. de Maguiguana. Inhambane. Inhambane. MZ,battery=72  hdop=181.7  ip=197.218.83.149  distance=18.51  totalDistance=1.0660917257E8
1,2017-07-21 14:27:44,-23.878775,35.373871,0 m,2.6 ,Av. de Maguiguana. Inhambane. Inhambane. MZ,battery=72  hdop=178.4  ip=197.218.83.149  distance=19.82  totalDistance=1.0660919239E8
1,2017-07-21 14:28:20,-23.878962,35.373859,0 m,4.1 ,Av. de Maguiguana. Inhambane. Inhambane. MZ,battery=72  hdop=173.5  ip=197.218.83.149  distance=20.85  totalDistance=1.0660921324E8
1,2017-07-21 14:28:57,-23.879135,35.373848,0 m,3.4 ,Av. de Maguiguana. Inhambane. Inhambane. MZ,battery=72  hdop=175.5  ip=197.218.83.149  distance=19.29  totalDistance=1.0660923253E8
1,2017-07-21 14:29:33,-23.879316,35.373829,0 m,4.3 ,Av. de Maguiguana. Inhambane. Inhambane. MZ,battery=71  hdop=179.6  ip=197.218.83.149  distance=20.24  totalDistance=1.0660925277E8
